{"description":"Pipeline asset type","fields":[{"key":"tags","type":"string","facet":false,"is_array":true,"search_path":"tags[].value","is_searchable_across_types":false},{"key":"model_definition_dependencies","type":"string","facet":false,"is_array":true,"search_path":"model_definition_dependencies","is_searchable_across_types":false},{"key":"training_lib_dependencies","type":"string","facet":false,"is_array":true,"search_path":"training_lib_dependencies","is_searchable_across_types":false},{"key":"software_spec_dependencies","type":"string","facet":false,"is_array":true,"search_path":"software_spec_dependencies","is_searchable_across_types":false}],"external_asset_preview":{},"relationships":[{"key":"model_definition_dependencies","target_asset_type":"wml_model_definition","on_delete_target":"IGNORE","on_delete":"IGNORE","on_clone_target":"IGNORE"},{"key":"training_lib_dependencies","target_asset_type":"wml_model_definition","on_delete_target":"IGNORE","on_delete":"IGNORE","on_clone_target":"IGNORE"},{"key":"software_spec_dependencies","target_asset_type":"software_specification","on_delete_target":"IGNORE","on_delete":"IGNORE","on_clone_target":"IGNORE"}],"properties":{"tags":{"type":"object","description":"tags for pipeline","placeholder":"Put a value here","is_array":true,"required":false,"hidden":false,"readonly":false,"properties":{"value":{"type":"string","description":"tag value","placeholder":"Put a value here","is_array":false,"required":true,"hidden":false,"readonly":false},"description":{"type":"string","description":"tag description","placeholder":"Put a value here","is_array":false,"required":false,"hidden":false,"readonly":false}}},"custom":{"type":"object","description":"caller defined properties","placeholder":"Put a value here","is_array":false,"required":false,"hidden":false,"readonly":false,"properties":{"{user-defined-property}":{"description":"custom property","placeholder":"Put a value here","required":false,"hidden":false,"readonly":false}}},"document":{"type":"object","description":"pipeline document","placeholder":"Put a value here","is_array":false,"required":false,"hidden":false,"readonly":false,"properties":{"{wdp_defined_schema}":{}}}},"name":"wml_pipeline","version":1}