{"description":"Function asset type","fields":[{"key":"tags","type":"string","facet":false,"is_array":true,"search_path":"tags[].value","is_searchable_across_types":false},{"key":"runtime.href","type":"string","facet":false,"is_array":false,"search_path":"runtime.href","is_searchable_across_types":false},{"key":"software_spec.id","type":"string","facet":false,"is_array":false,"search_path":"software_spec.id","is_searchable_across_types":false}],"external_asset_preview":{},"relationships":[{"key":"software_spec.id","target_asset_type":"software_specification","on_delete_target":"IGNORE","on_delete":"IGNORE","on_clone_target":"IGNORE"}],"properties":{"custom":{"type":"object","description":"caller defined properties","placeholder":"Put a value here","is_array":false,"required":false,"hidden":false,"readonly":false,"properties":{"{user-defined-property}":{"description":"custom property","placeholder":"Put a value here","required":false,"hidden":false,"readonly":false}}},"tags":{"type":"object","description":"tags for function","placeholder":"Put a value here","is_array":true,"required":false,"hidden":false,"readonly":false,"properties":{"value":{"type":"string","description":"tag value","placeholder":"Put a value here","is_array":false,"required":true,"hidden":false,"readonly":false},"description":{"type":"string","description":"tag description","placeholder":"Put a value here","is_array":false,"required":false,"hidden":false,"readonly":false}}},"software_spec":{"type":"object","description":"software_spec of the function","placeholder":"Put a value here","is_array":false,"required":false,"hidden":false,"readonly":false,"properties":{"id":{"type":"string","description":"software_spec id","placeholder":"Put a value here","is_array":false,"required":false,"hidden":false,"readonly":false}}},"sample_scoring_input":{"type":"object","description":"sample scoring input for a function","placeholder":"Put a value here","is_array":false,"required":false,"hidden":false,"readonly":false,"properties":{"input_data":{"type":"object","description":"input data","placeholder":"Put a value here","is_array":true,"required":false,"hidden":false,"readonly":false,"properties":{"id":{"type":"string","description":"Discriminates the data for multi input data situation","placeholder":"Put a value here","is_array":false,"required":false,"hidden":false,"readonly":false},"fields":{"type":"string","description":"The names of the fields. The order of fields values must be consistent with the order of fields names","placeholder":"Put a value here","is_array":true,"required":false,"hidden":false,"readonly":false},"values":{"type":"object","description":"values for the fields","placeholder":"Put a value here","is_array":true,"required":false,"hidden":false,"readonly":false}}}}},"type":{"type":"string","description":"type of the function","placeholder":"Put a value here","is_array":false,"required":false,"hidden":false,"readonly":false,"default_value":"python","min_length":0,"max_length":100},"runtime":{"type":"object","description":"runtime of the function","placeholder":"Put a value here","is_array":false,"required":false,"hidden":false,"readonly":false,"properties":{"href":{"type":"string","description":"runtime href","placeholder":"Put a value here","is_array":false,"required":false,"hidden":false,"readonly":false}}},"schemas":{"type":"object","description":"schema","placeholder":"Put a value here","is_array":false,"required":false,"hidden":false,"readonly":false,"properties":{"input":{"type":"object","description":"input data schema","placeholder":"Put a value here","is_array":true,"required":true,"hidden":false,"readonly":false,"properties":{"{datarecord_schema}":{}}},"ouput":{"type":"object","description":"output data schema","placeholder":"Put a value here","is_array":true,"required":true,"hidden":false,"readonly":false,"properties":{"{datarecord_schema}":{}}}}}},"name":"wml_function","version":1}