{"description":"Model asset type","fields":[{"key":"tags","type":"string","facet":false,"is_array":true,"search_path":"tags[].value","is_searchable_across_types":false},{"key":"runtime.href","type":"string","facet":false,"is_array":false,"search_path":"runtime.href","is_searchable_across_types":false},{"key":"software_spec.id","type":"string","facet":false,"is_array":false,"search_path":"software_spec.id","is_searchable_across_types":false},{"key":"data_asset_dependencies","type":"string","facet":false,"is_array":true,"search_path":"data_asset_dependencies","is_searchable_across_types":false}],"external_asset_preview":{},"relationships":[{"key":"training_lib.id","target_asset_type":"wml_model_definition","on_delete_target":"IGNORE","on_delete":"IGNORE","on_clone_target":"IGNORE"},{"key":"model_definition.id","target_asset_type":"wml_model_definition","on_delete_target":"IGNORE","on_delete":"IGNORE","on_clone_target":"IGNORE"},{"key":"pipeline.id","target_asset_type":"wml_pipeline","on_delete_target":"IGNORE","on_delete":"IGNORE","on_clone_target":"IGNORE"},{"key":"software_spec.id","target_asset_type":"software_specification","on_delete_target":"IGNORE","on_delete":"IGNORE","on_clone_target":"IGNORE"},{"key":"data_asset_dependencies","target_asset_type":"data_asset","on_delete_target":"IGNORE","on_delete":"IGNORE","on_clone_target":"IGNORE"}],"properties":{"model_definition":{"type":"object","description":"model_definition of the model","placeholder":"Put a value here","is_array":false,"required":false,"hidden":false,"readonly":false,"properties":{"id":{"type":"string","description":"model_definition id","placeholder":"Put a value here","is_array":false,"required":false,"hidden":false,"readonly":false},"rev":{"type":"string","description":"model_definition rev","placeholder":"Put a value here","is_array":false,"required":false,"hidden":false,"readonly":false}}},"data_asset_dependencies":{"type":"string","description":"list of dependent data_asset ids for the model","placeholder":"Put a value here","is_array":true,"required":false,"hidden":true,"readonly":false},"custom":{"type":"object","description":"caller defined properties","placeholder":"Put a value here","is_array":false,"required":false,"hidden":false,"readonly":false,"properties":{"{user-defined-property}":{"description":"custom property","placeholder":"Put a value here","required":false,"hidden":false,"readonly":false}}},"size":{"type":"object","description":"Size of the model","placeholder":"Put a value here","is_array":false,"required":false,"hidden":false,"readonly":false,"properties":{"in_memory":{"type":"string","description":"In memory size of the model","placeholder":"Put a value here","is_array":false,"required":false,"hidden":false,"readonly":false},"content":{"type":"string","description":"Content size of the model","placeholder":"Put a value here","is_array":false,"required":false,"hidden":false,"readonly":false}}},"tags":{"type":"object","description":"tags for models. This is a DEPRECATED field!!. Use tags in metadata.","placeholder":"Put a value here","is_array":true,"required":false,"hidden":true,"readonly":false,"properties":{"value":{"type":"string","description":"tag value","placeholder":"Put a value here","is_array":false,"required":true,"hidden":true,"readonly":false},"description":{"type":"string","description":"tag description","placeholder":"Put a value here","is_array":false,"required":false,"hidden":true,"readonly":false}}},"domain":{"type":"string","description":"domain of the model","placeholder":"Put a value here","is_array":false,"required":false,"hidden":false,"readonly":false,"default_value":"None","min_length":0,"max_length":100},"training_data_references":{"type":"object","description":"training data references for the model","placeholder":"Put a value here","is_array":true,"required":false,"hidden":false,"readonly":false,"properties":{"location":{"type":"object","description":"file or folder details","placeholder":"Put a value here","is_array":false,"required":true,"hidden":false,"readonly":false,"properties":{"{location_properties}":{}}},"id":{"type":"string","description":"id","placeholder":"Put a value here","is_array":false,"required":false,"hidden":false,"readonly":false},"schema":{"type":"object","description":"The schema of the expected data","placeholder":"Put a value here","is_array":false,"required":false,"hidden":false,"readonly":false,"properties":{"{datarecord_schema}":{}}},"connection":{"type":"object","description":"connection details","placeholder":"Put a value here","is_array":false,"required":true,"hidden":false,"readonly":false,"properties":{"{connection_properties}":{}}},"type":{"type":"string","description":"type of the data source","placeholder":"Put a value here","is_array":false,"required":true,"hidden":false,"readonly":false}}},"label_column":{"type":"string","description":"label column of the model","placeholder":"Put a value here","is_array":false,"required":false,"hidden":false,"readonly":false,"default_value":"None","min_length":0,"max_length":100},"software_spec":{"type":"object","description":"software_spec of the model","placeholder":"Put a value here","is_array":false,"required":false,"hidden":false,"readonly":false,"properties":{"id":{"type":"string","description":"runtime id","placeholder":"Put a value here","is_array":false,"required":false,"hidden":false,"readonly":false},"rev":{"type":"string","description":"software_spec rev","placeholder":"Put a value here","is_array":false,"required":false,"hidden":false,"readonly":false},"name":{"type":"string","description":"software_spec name","placeholder":"Put a value here","is_array":false,"required":false,"hidden":false,"readonly":false},"base_id":{"type":"string","description":"base software_spec id","placeholder":"Put a value here","is_array":false,"required":false,"hidden":true,"readonly":false}}},"hyper_parameters":{"type":"object","description":"Hyper parameters","placeholder":"Put a value here","is_array":false,"required":false,"hidden":false,"readonly":false,"properties":{"{user-defined-properties}":{"description":"hyper parameter property","placeholder":"Put a value here","required":false,"hidden":false,"readonly":false}}},"pipeline":{"type":"object","description":"pipeline of the model","placeholder":"Put a value here","is_array":false,"required":false,"hidden":false,"readonly":false,"properties":{"id":{"type":"string","description":"pipeline id","placeholder":"Put a value here","is_array":false,"required":false,"hidden":false,"readonly":false},"rev":{"type":"string","description":"pipeline rev","placeholder":"Put a value here","is_array":false,"required":false,"hidden":false,"readonly":false},"href":{"type":"string","description":"pipeline href. This is a DEPRECATED field!!. Use id and rev fields.","placeholder":"Put a value here","is_array":false,"required":false,"hidden":true,"readonly":false}}},"import":{"type":"object","description":"Model import location","placeholder":"Put a value here","is_array":true,"required":false,"hidden":false,"readonly":false,"properties":{"id":{"type":"string","description":"id","placeholder":"Put a value here","is_array":false,"required":false,"hidden":false,"readonly":false},"type":{"type":"string","description":"type of the data source","placeholder":"Put a value here","is_array":false,"required":true,"hidden":false,"readonly":false},"connection":{"type":"object","description":"connection details","placeholder":"Put a value here","is_array":false,"required":true,"hidden":false,"readonly":false,"properties":{"{connection_properties}":{}}},"location":{"type":"object","description":"file or folder details","placeholder":"Put a value here","is_array":false,"required":true,"hidden":false,"readonly":false,"properties":{"{location_properties}":{}}}}},"training_lib":{"type":"object","description":"training_lib of the model. This is a DEPRECATED field!!. Use model_definition.","placeholder":"Put a value here","is_array":false,"required":false,"hidden":true,"readonly":false,"properties":{"id":{"type":"string","description":"training_lib id.","placeholder":"Put a value here","is_array":false,"required":false,"hidden":true,"readonly":false},"rev":{"type":"string","description":"training_lib rev.","placeholder":"Put a value here","is_array":false,"required":false,"hidden":true,"readonly":false},"href":{"type":"string","description":"training_lib href.","placeholder":"Put a value here","is_array":false,"required":false,"hidden":true,"readonly":false}}},"transformed_label_column":{"type":"string","description":"transformed label column of the model","placeholder":"Put a value here","is_array":false,"required":false,"hidden":false,"readonly":false,"default_value":"None","min_length":0,"max_length":100},"metrics":{"type":"object","description":"metrics of the model","placeholder":"Put a value here","is_array":true,"required":false,"hidden":false,"readonly":false,"properties":{"ml_metrics":{"type":"object","description":"ml_metrics details","placeholder":"Put a value here","is_array":false,"required":false,"hidden":false,"readonly":false,"properties":{"{ml_metrics_properties}":{}}},"timestamp":{"type":"string","description":"timestamp","placeholder":"Put a value here","is_array":false,"required":true,"hidden":false,"readonly":false},"context":{"type":"object","description":"context details","placeholder":"Put a value here","is_array":false,"required":false,"hidden":false,"readonly":false,"properties":{"step":{"type":"object","description":"step","placeholder":"Put a value here","is_array":false,"required":false,"hidden":false,"readonly":false,"properties":{"data_allocation":{"type":"number","description":"data_allocation","placeholder":"Put a value here","is_array":false,"required":false,"hidden":false,"readonly":false},"name":{"type":"string","description":"name","placeholder":"Put a value here","is_array":false,"required":true,"hidden":false,"readonly":false},"estimator":{"type":"string","description":"estimator","placeholder":"Put a value here","is_array":false,"required":false,"hidden":false,"readonly":false},"completed_at":{"type":"string","description":"completed_at","placeholder":"Put a value here","is_array":false,"required":false,"hidden":false,"readonly":false},"score":{"type":"number","description":"score","placeholder":"Put a value here","is_array":false,"required":false,"hidden":false,"readonly":false},"hyper_parameters":{"type":"object","description":"hyper_parameters","placeholder":"Put a value here","is_array":false,"required":false,"hidden":false,"readonly":false,"properties":{"{user-defined-properties}":{"description":"hyper parameter property","placeholder":"Put a value here","required":false,"hidden":false,"readonly":false}}},"started_at":{"type":"string","description":"started_at","placeholder":"Put a value here","is_array":false,"required":false,"hidden":false,"readonly":false},"id":{"type":"string","description":"id","placeholder":"Put a value here","is_array":false,"required":false,"hidden":false,"readonly":false},"transformer":{"type":"string","description":"transformer","placeholder":"Put a value here","is_array":false,"required":false,"hidden":false,"readonly":false}}},"classes":{"type":"string","description":"classes","placeholder":"Put a value here","is_array":true,"required":false,"hidden":false,"readonly":false},"phase":{"type":"string","description":"phase","placeholder":"Put a value here","is_array":false,"required":false,"hidden":false,"readonly":false},"multi_class_classification":{"type":"object","description":"multi_class_classification","placeholder":"Put a value here","is_array":false,"required":false,"hidden":false,"readonly":false,"properties":{"one_vs_all":{"type":"object","description":"one_vs_all","placeholder":"Put a value here","is_array":true,"required":true,"hidden":false,"readonly":false,"properties":{"class":{"type":"string","description":"class","placeholder":"Put a value here","is_array":false,"required":true,"hidden":false,"readonly":false},"confusion_matrix":{"type":"object","description":"confusion_matrix","placeholder":"Put a value here","is_array":false,"required":true,"hidden":false,"readonly":false,"properties":{"tp":{"type":"number","description":"tp","placeholder":"Put a value here","is_array":false,"required":true,"hidden":false,"readonly":false},"true_class":{"type":"string","description":"true_class","placeholder":"Put a value here","is_array":false,"required":true,"hidden":false,"readonly":false},"fp":{"type":"number","description":"fp","placeholder":"Put a value here","is_array":false,"required":true,"hidden":false,"readonly":false},"fn":{"type":"number","description":"fn","placeholder":"Put a value here","is_array":false,"required":false,"hidden":false,"readonly":false},"tn":{"type":"number","description":"tn","placeholder":"Put a value here","is_array":false,"required":true,"hidden":false,"readonly":false}}},"roc_curve":{"type":"object","description":"roc_curve","placeholder":"Put a value here","is_array":false,"required":true,"hidden":false,"readonly":false,"properties":{"true_class":{"type":"string","description":"true_class","placeholder":"Put a value here","is_array":false,"required":true,"hidden":false,"readonly":false},"tpr":{"type":"number","description":"tpr","placeholder":"Put a value here","is_array":true,"required":true,"hidden":false,"readonly":false},"fpr":{"type":"number","description":"fpr","placeholder":"Put a value here","is_array":true,"required":true,"hidden":false,"readonly":false},"thresholds":{"type":"number","description":"thresholds","placeholder":"Put a value here","is_array":true,"required":false,"hidden":false,"readonly":false}}}}}}},"binary_classification":{"type":"object","description":"binary_classification","placeholder":"Put a value here","is_array":false,"required":false,"hidden":false,"readonly":false,"properties":{"confusion_matrix":{"type":"object","description":"confusion_matrix","placeholder":"Put a value here","is_array":true,"required":true,"hidden":false,"readonly":false,"properties":{"tp":{"type":"number","description":"tp","placeholder":"Put a value here","is_array":false,"required":true,"hidden":false,"readonly":false},"true_class":{"type":"string","description":"true_class","placeholder":"Put a value here","is_array":false,"required":true,"hidden":false,"readonly":false},"fp":{"type":"number","description":"fp","placeholder":"Put a value here","is_array":false,"required":true,"hidden":false,"readonly":false},"fn":{"type":"number","description":"fn","placeholder":"Put a value here","is_array":false,"required":true,"hidden":false,"readonly":false},"tn":{"type":"number","description":"tn","placeholder":"Put a value here","is_array":false,"required":true,"hidden":false,"readonly":false}}},"roc_curve":{"type":"object","description":"roc_curve","placeholder":"Put a value here","is_array":true,"required":true,"hidden":false,"readonly":false,"properties":{"true_class":{"type":"string","description":"true_class","placeholder":"Put a value here","is_array":false,"required":true,"hidden":false,"readonly":false},"tpr":{"type":"number","description":"tpr","placeholder":"Put a value here","is_array":true,"required":true,"hidden":false,"readonly":false},"fpr":{"type":"number","description":"fpr","placeholder":"Put a value here","is_array":true,"required":true,"hidden":false,"readonly":false},"thresholds":{"type":"number","description":"thresholds","placeholder":"Put a value here","is_array":true,"required":false,"hidden":false,"readonly":false}}}}},"intermediate_model":{"type":"object","description":"intermediate_model","placeholder":"Put a value here","is_array":false,"required":false,"hidden":false,"readonly":false,"properties":{"duration":{"type":"number","description":"duration","placeholder":"Put a value here","is_array":false,"required":false,"hidden":false,"readonly":false},"name":{"type":"string","description":"name","placeholder":"Put a value here","is_array":false,"required":true,"hidden":false,"readonly":false},"location":{"type":"object","description":"location","placeholder":"Put a value here","is_array":false,"required":false,"hidden":false,"readonly":false,"properties":{"pipeline":{"type":"string","description":"pipeline","placeholder":"Put a value here","is_array":false,"required":false,"hidden":false,"readonly":false},"pipeline_model":{"type":"string","description":"pipeline_model","placeholder":"Put a value here","is_array":false,"required":false,"hidden":false,"readonly":false},"model":{"type":"string","description":"model","placeholder":"Put a value here","is_array":false,"required":false,"hidden":false,"readonly":false}}},"notebook_location":{"type":"string","description":"notebook_location","placeholder":"Put a value here","is_array":false,"required":false,"hidden":false,"readonly":false},"process":{"type":"string","description":"process","placeholder":"Put a value here","is_array":false,"required":true,"hidden":false,"readonly":false},"composition_steps":{"type":"string","description":"composition_steps","placeholder":"Put a value here","is_array":true,"required":false,"hidden":false,"readonly":false},"schema_location":{"type":"string","description":"schema_location","placeholder":"Put a value here","is_array":false,"required":false,"hidden":false,"readonly":false},"pipeline_nodes":{"type":"string","description":"pipeline_nodes","placeholder":"Put a value here","is_array":true,"required":false,"hidden":false,"readonly":false}}},"schema":{"type":"string","description":"schema details","placeholder":"Put a value here","is_array":false,"required":false,"hidden":false,"readonly":false},"features_importance":{"type":"object","description":"features_importance","placeholder":"Put a value here","is_array":true,"required":false,"hidden":false,"readonly":false,"properties":{"stage":{"type":"string","description":"stage details","placeholder":"Put a value here","is_array":false,"required":true,"hidden":false,"readonly":false},"computation_type":{"type":"string","description":"computation_type details","placeholder":"Put a value here","is_array":false,"required":true,"hidden":false,"readonly":false},"features":{"type":"object","description":"features details","placeholder":"Put a value here","is_array":false,"required":true,"hidden":false,"readonly":false,"properties":{"{features_properties}":{}}}}},"estimators":{"type":"string","description":"estimators details","placeholder":"Put a value here","is_array":true,"required":false,"hidden":false,"readonly":false}}},"ml_federated_metrics":{"type":"object","description":"ml_federated_metrics details","placeholder":"Put a value here","is_array":false,"required":false,"hidden":false,"readonly":false,"properties":{"{ml_federated_metrics_properties}":{}}},"iteration":{"type":"number","description":"iteration","placeholder":"Put a value here","is_array":false,"required":false,"hidden":false,"readonly":false}}},"type":{"type":"string","description":"type of the model","placeholder":"Put a value here","is_array":false,"required":true,"hidden":false,"readonly":false,"default_value":"None","min_length":0,"max_length":100},"runtime":{"type":"object","description":"runtime of the model. This is a DEPRECATED field!!. Use software_spec field.","placeholder":"Put a value here","is_array":false,"required":false,"hidden":true,"readonly":false,"properties":{"id":{"type":"string","description":"runtime id","placeholder":"Put a value here","is_array":false,"required":false,"hidden":true,"readonly":false},"href":{"type":"string","description":"runtime href","placeholder":"Put a value here","is_array":false,"required":true,"hidden":true,"readonly":false}}},"schemas":{"type":"object","description":"schema","placeholder":"Put a value here","is_array":false,"required":false,"hidden":false,"readonly":false,"properties":{"input":{"type":"object","description":"input data schema","placeholder":"Put a value here","is_array":true,"required":true,"hidden":false,"readonly":false,"properties":{"{datarecord_schema}":{}}},"ouput":{"type":"object","description":"output data schema","placeholder":"Put a value here","is_array":true,"required":true,"hidden":false,"readonly":false,"properties":{"{datarecord_schema}":{}}}}}},"name":"wml_model","version":1}