{"description":"Model definition asset type","fields":[{"key":"tags","type":"string","facet":false,"is_array":true,"search_path":"tags[].value","is_searchable_across_types":false}],"external_asset_preview":{},"relationships":[],"properties":{"custom":{"type":"object","description":"caller defined properties","placeholder":"Put a value here","is_array":false,"required":false,"hidden":false,"readonly":false,"properties":{"{user-defined-property}":{"description":"custom property","placeholder":"Put a value here","required":false,"hidden":false,"readonly":false}}},"tags":{"type":"object","description":"tags for model_definition","placeholder":"Put a value here","is_array":true,"required":false,"hidden":false,"readonly":false,"properties":{"value":{"type":"string","description":"tag value","placeholder":"Put a value here","is_array":false,"required":true,"hidden":false,"readonly":false},"description":{"type":"string","description":"tag description","placeholder":"Put a value here","is_array":false,"required":false,"hidden":false,"readonly":false}}},"command":{"type":"string","description":"command for the model_definition","placeholder":"Put a value here","is_array":false,"required":false,"hidden":false,"readonly":false,"default_value":"None","min_length":0,"max_length":1000},"version":{"type":"string","description":"package version","placeholder":"Put a value here","is_array":false,"required":true,"hidden":false,"readonly":false,"default_value":"1.0","min_length":0,"max_length":100},"platform":{"type":"object","description":"platform of the model_definition","placeholder":"Put a value here","is_array":false,"required":true,"hidden":false,"readonly":false,"properties":{"name":{"type":"string","description":"name","placeholder":"Put a value here","is_array":false,"required":true,"hidden":false,"readonly":false},"versions":{"type":"string","description":"versions","placeholder":"Put a value here","is_array":true,"required":true,"hidden":false,"readonly":false}}}},"name":"wml_model_definition","version":1}