{"description":"Model asset type","fields":[{"key":"tags","type":"string","facet":false,"is_array":true,"search_path":"tags[].value","is_searchable_across_types":false},{"key":"runtime.href","type":"string","facet":false,"is_array":false,"search_path":"runtime.href","is_searchable_across_types":false},{"key":"software_spec.id","type":"string","facet":false,"is_array":false,"search_path":"software_spec.id","is_searchable_across_types":false},{"key":"data_asset_dependencies","type":"string","facet":false,"is_array":true,"search_path":"data_asset_dependencies","is_searchable_across_types":false}],"external_asset_preview":{},"relationships":[{"key":"training_lib.id","target_asset_type":"wml_model_definition","on_delete_target":"IGNORE","on_delete":"IGNORE","on_clone_target":"IGNORE"},{"key":"model_definition.id","target_asset_type":"wml_model_definition","on_delete_target":"IGNORE","on_delete":"IGNORE","on_clone_target":"IGNORE"},{"key":"pipeline.id","target_asset_type":"wml_pipeline","on_delete_target":"IGNORE","on_delete":"IGNORE","on_clone_target":"IGNORE"},{"key":"software_spec.id","target_asset_type":"software_specification","on_delete_target":"IGNORE","on_delete":"IGNORE","on_clone_target":"IGNORE"},{"key":"data_asset_dependencies","target_asset_type":"data_asset","on_delete_target":"IGNORE","on_delete":"IGNORE","on_clone_target":"IGNORE"}],"properties":{"model_definition":{"type":"object","description":"model_definition of the model","placeholder":"Put a value here","is_array":false,"required":false,"hidden":false,"readonly":false,"properties":{"id":{"type":"string","description":"model_definition id","placeholder":"Put a value here","is_array":false,"required":false,"hidden":false,"readonly":false}}},"custom":{"type":"object","description":"caller defined properties","placeholder":"Put a value here","is_array":false,"required":false,"hidden":false,"readonly":false,"properties":{"{user-defined-property}":{"description":"custom property","placeholder":"Put a value here","required":false,"hidden":false,"readonly":false}}},"size":{"type":"object","description":"Size of the model","placeholder":"Put a value here","is_array":false,"required":false,"hidden":false,"readonly":false,"properties":{"in_memory":{"type":"string","description":"In memory size of the model","placeholder":"Put a value here","is_array":false,"required":false,"hidden":false,"readonly":false},"content":{"type":"string","description":"Content size of the model","placeholder":"Put a value here","is_array":false,"required":false,"hidden":false,"readonly":false}}},"tags":{"type":"object","description":"tags for a model","placeholder":"Put a value here","is_array":true,"required":false,"hidden":false,"readonly":false,"properties":{"value":{"type":"string","description":"tag value","placeholder":"Put a value here","is_array":false,"required":true,"hidden":false,"readonly":false},"description":{"type":"string","description":"tag description","placeholder":"Put a value here","is_array":false,"required":false,"hidden":false,"readonly":false}}},"domain":{"type":"string","description":"domain of the model","placeholder":"Put a value here","is_array":false,"required":false,"hidden":false,"readonly":false,"default_value":"None","min_length":0,"max_length":100},"training_data_references":{"type":"object","description":"training data references for the model","placeholder":"Put a value here","is_array":true,"required":false,"hidden":false,"readonly":false,"properties":{"location":{"type":"object","description":"file or folder details","placeholder":"Put a value here","is_array":false,"required":true,"hidden":false,"readonly":false,"properties":{"{location_properties}":{}}},"id":{"type":"string","description":"id","placeholder":"Put a value here","is_array":false,"required":false,"hidden":false,"readonly":false},"schema":{"type":"object","description":"The schema of the expected data","placeholder":"Put a value here","is_array":false,"required":false,"hidden":false,"readonly":false,"properties":{"{datarecord_schema}":{}}},"connection":{"type":"object","description":"connection details","placeholder":"Put a value here","is_array":false,"required":true,"hidden":false,"readonly":false,"properties":{"{connection_properties}":{}}},"type":{"type":"string","description":"type of the data source","placeholder":"Put a value here","is_array":false,"required":true,"hidden":false,"readonly":false}}},"label_column":{"type":"string","description":"label column of the model","placeholder":"Put a value here","is_array":false,"required":false,"hidden":false,"readonly":false,"default_value":"None","min_length":0,"max_length":100},"software_spec":{"type":"object","description":"software_spec of the model","placeholder":"Put a value here","is_array":false,"required":false,"hidden":false,"readonly":false,"properties":{"id":{"type":"string","description":"runtime id","placeholder":"Put a value here","is_array":false,"required":false,"hidden":false,"readonly":false}}},"hyper_parameters":{"type":"object","description":"Hyper parameters","placeholder":"Put a value here","is_array":false,"required":false,"hidden":false,"readonly":false,"properties":{"{user-defined-properties}":{"description":"hyper parameter property","placeholder":"Put a value here","required":false,"hidden":false,"readonly":false}}},"pipeline":{"type":"object","description":"pipeline of the model","placeholder":"Put a value here","is_array":false,"required":false,"hidden":false,"readonly":false,"properties":{"id":{"type":"string","description":"pipeline id","placeholder":"Put a value here","is_array":false,"required":false,"hidden":false,"readonly":false}}},"import":{"type":"object","description":"Model import location","placeholder":"Put a value here","is_array":true,"required":false,"hidden":false,"readonly":false,"properties":{"id":{"type":"string","description":"id","placeholder":"Put a value here","is_array":false,"required":false,"hidden":false,"readonly":false},"type":{"type":"string","description":"type of the data source","placeholder":"Put a value here","is_array":false,"required":true,"hidden":false,"readonly":false},"connection":{"type":"object","description":"connection details","placeholder":"Put a value here","is_array":false,"required":true,"hidden":false,"readonly":false,"properties":{"{connection_properties}":{}}},"location":{"type":"object","description":"file or folder details","placeholder":"Put a value here","is_array":false,"required":true,"hidden":false,"readonly":false,"properties":{"{location_properties}":{}}}}},"training_lib":{"type":"object","description":"model_definition of the model","placeholder":"Put a value here","is_array":false,"required":false,"hidden":false,"readonly":false,"properties":{"id":{"type":"string","description":"model_definition id","placeholder":"Put a value here","is_array":false,"required":false,"hidden":false,"readonly":false}}},"transformed_label_column":{"type":"string","description":"transformed label column of the model","placeholder":"Put a value here","is_array":false,"required":false,"hidden":false,"readonly":false,"default_value":"None","min_length":0,"max_length":100},"type":{"type":"string","description":"type of the function","placeholder":"Put a value here","is_array":false,"required":true,"hidden":false,"readonly":false,"default_value":"None","min_length":0,"max_length":100},"runtime":{"type":"object","description":"runtime of the model","placeholder":"Put a value here","is_array":false,"required":false,"hidden":false,"readonly":false,"properties":{"href":{"type":"string","description":"runtime href","placeholder":"Put a value here","is_array":false,"required":false,"hidden":false,"readonly":false}}},"schemas":{"type":"object","description":"schema","placeholder":"Put a value here","is_array":false,"required":false,"hidden":false,"readonly":false,"properties":{"input":{"type":"object","description":"input data schema","placeholder":"Put a value here","is_array":true,"required":true,"hidden":false,"readonly":false,"properties":{"{datarecord_schema}":{}}},"ouput":{"type":"object","description":"output data schema","placeholder":"Put a value here","is_array":true,"required":true,"hidden":false,"readonly":false,"properties":{"{datarecord_schema}":{}}}}}},"name":"wml_model","version":1}