{"description":"Deployment job definition asset type","fields":[{"key":"deployment","type":"string","facet":false,"is_array":true,"search_path":"deployment.href","is_searchable_across_types":false}],"external_asset_preview":{},"relationships":[],"properties":{"deployment":{"type":"object","description":"object containing deployment href for job","placeholder":"Put a value here","is_array":false,"required":true,"hidden":false,"readonly":false,"default_value":"None","properties":{"href":{"type":"string","description":"href of the deployment for job","placeholder":"Put a value here","required":true,"hidden":false,"readonly":false}}},"scoring":{"type":"object","description":"The payload for scoring","placeholder":"Put a value here","is_array":false,"required":false,"hidden":false,"readonly":false,"properties":{"input_data":{"type":"object","description":"input data","placeholder":"Put a value here","is_array":true,"required":false,"hidden":false,"readonly":false,"properties":{"id":{"type":"string","description":"Discriminates the data for multi input data situation","placeholder":"Put a value here","is_array":false,"required":false,"hidden":false,"readonly":false},"fields":{"type":"string","description":"The names of the fields. The order of fields values must be consistent with the order of fields names","placeholder":"Put a value here","is_array":true,"required":false,"hidden":false,"readonly":false},"values":{"type":"object","description":"values for the fields","placeholder":"Put a value here","is_array":true,"required":false,"hidden":false,"readonly":false}}},"input_data_references":{"type":"object","description":"input data reference","placeholder":"Put a value here","is_array":true,"required":false,"hidden":false,"readonly":false,"properties":{"type":{"type":"string","description":"type of the data source","placeholder":"Put a value here","is_array":false,"required":true,"hidden":false,"readonly":false},"connection":{"type":"object","description":"connection details","placeholder":"Put a value here","is_array":false,"required":true,"hidden":false,"readonly":false,"properties":{"{connection_properties}":{}}},"schema":{"type":"object","description":"The schema of the expected data","placeholder":"Put a value here","is_array":false,"required":false,"hidden":false,"readonly":false,"properties":{"{datarecord_schema}":{}}},"location":{"type":"object","description":"file or folder details","placeholder":"Put a value here","is_array":false,"required":true,"hidden":false,"readonly":false,"properties":{"{location_properties}":{}}}}},"output_data_reference":{"type":"object","description":"tag description","placeholder":"Put a value here","is_array":false,"required":false,"hidden":false,"readonly":false,"properties":{"type":{"type":"string","description":"type of the data source","placeholder":"Put a value here","is_array":false,"required":true,"hidden":false,"readonly":false},"connection":{"type":"object","description":"connection details","placeholder":"Put a value here","is_array":false,"required":true,"hidden":false,"readonly":false,"properties":{"{connection_properties}":{}}},"schema":{"type":"object","description":"The schema of the expected data","placeholder":"Put a value here","is_array":false,"required":false,"hidden":false,"readonly":false,"properties":{"{datarecord_schema}":{}}},"location":{"type":"object","description":"file or folder details","placeholder":"Put a value here","is_array":false,"required":true,"hidden":false,"readonly":false,"properties":{"{location_properties}":{}}}}},"evaluations":{"type":"string","description":"tag description","placeholder":"Put a value here","is_array":true,"required":false,"hidden":false,"readonly":false,"properties":{"id":{"type":"string","description":"ID","placeholder":"Put a value here","is_array":false,"required":false,"hidden":false,"readonly":false},"input_target":{"type":"string","description":"input_target","placeholder":"Put a value here","is_array":false,"required":false,"hidden":false,"readonly":false},"metrics_names":{"type":"string","description":"input_target","placeholder":"Put a value here","is_array":true,"required":false,"hidden":false,"readonly":false}}}}},"hybrid_pipeline_hardware_specs":{"type":"object","description":"A hardware specification used only for hybrid runtime","placeholder":"Put a value here","is_array":false,"required":false,"hidden":false,"readonly":false,"properties":{"node_runtime_id":{"type":"string","description":"The id of node runtime","placeholder":"Put a value here","required":true,"hidden":false,"readonly":false},"hardware_spec":{"type":"object","description":"A hardware specification","placeholder":"Put a value here","is_array":false,"required":false,"hidden":false,"readonly":false,"properties":{"href":{"type":"string","description":"href of the hardware specification","placeholder":"Put a value here","required":true,"hidden":false,"readonly":false},"name":{"type":"string","description":"name of the hardware specification","placeholder":"Put a value here","required":false,"hidden":false,"readonly":false},"id":{"type":"string","description":"ID of the hardware specification","placeholder":"Put a value here","required":false,"hidden":false,"readonly":false},"num_nodes":{"type":"number","description":"The number of nodes applied to a computation","required":false,"hidden":false,"readonly":false}}}}},"decision_optimization":{"type":"object","description":"The payload for decision optimization","placeholder":"Put a value here","is_array":false,"required":false,"hidden":false,"readonly":false,"properties":{"solve_parameters":{"type":"string","description":"solve parameters","placeholder":"Put a value here","is_array":false,"required":false,"hidden":false,"readonly":false},"input_data":{"type":"object","description":"input data","placeholder":"Put a value here","is_array":true,"required":false,"hidden":false,"readonly":false,"properties":{"id":{"type":"string","description":"Discriminates the data for multi input data situation","placeholder":"Put a value here","is_array":false,"required":false,"hidden":false,"readonly":false},"fields":{"type":"string","description":"The names of the fields. The order of fields values must be consistent with the order of fields names","placeholder":"Put a value here","is_array":true,"required":false,"hidden":false,"readonly":false},"values":{"type":"object","description":"values for the fields","placeholder":"Put a value here","is_array":true,"required":false,"hidden":false,"readonly":false}}},"output_data_reference":{"type":"object","description":"tag description","placeholder":"Put a value here","is_array":true,"required":false,"hidden":false,"readonly":false,"properties":{"type":{"type":"string","description":"type of the data source","placeholder":"Put a value here","is_array":false,"required":true,"hidden":false,"readonly":false},"connection":{"type":"object","description":"connection details","placeholder":"Put a value here","is_array":false,"required":true,"hidden":false,"readonly":false,"properties":{"{connection_properties}":{}}},"schema":{"type":"object","description":"The schema of the expected data","placeholder":"Put a value here","is_array":false,"required":false,"hidden":false,"readonly":false,"properties":{"{datarecord_schema}":{}}},"location":{"type":"object","description":"file or folder details","placeholder":"Put a value here","is_array":false,"required":true,"hidden":false,"readonly":false,"properties":{"{location_properties}":{}}}}},"output_data":{"type":"string","description":"output data","placeholder":"Put a value here","is_array":true,"required":false,"hidden":false,"readonly":false},"input_data_references":{"type":"object","description":"input data reference","placeholder":"Put a value here","is_array":true,"required":false,"hidden":false,"readonly":false,"properties":{"type":{"type":"string","description":"type of the data source","placeholder":"Put a value here","is_array":false,"required":true,"hidden":false,"readonly":false},"connection":{"type":"object","description":"connection details","placeholder":"Put a value here","is_array":false,"required":true,"hidden":false,"readonly":false,"properties":{"{connection_properties}":{}}},"schema":{"type":"object","description":"The schema of the expected data","placeholder":"Put a value here","is_array":false,"required":false,"hidden":false,"readonly":false,"properties":{"{datarecord_schema}":{}}},"location":{"type":"object","description":"file or folder details","placeholder":"Put a value here","is_array":false,"required":true,"hidden":false,"readonly":false,"properties":{"{location_properties}":{}}}}}}},"hardware_spec":{"type":"object","description":"A hardware specification","placeholder":"Put a value here","is_array":false,"required":false,"hidden":false,"readonly":false,"properties":{"href":{"type":"string","description":"href of the hardware specification","placeholder":"Put a value here","required":true,"hidden":false,"readonly":false},"name":{"type":"string","description":"name of the hardware specification","placeholder":"Put a value here","required":false,"hidden":false,"readonly":false},"id":{"type":"string","description":"ID of the hardware specification","placeholder":"Put a value here","required":false,"hidden":false,"readonly":false},"num_nodes":{"type":"number","description":"The number of nodes applied to a computation","required":false,"hidden":false,"readonly":false}}}},"name":"wml_deployment_job_definition","version":1}