{"description":"Experiment asset type","fields":[{"key":"tags","type":"string","facet":false,"is_array":true,"search_path":"tags[].value","is_searchable_across_types":false}],"external_asset_preview":{},"relationships":[],"properties":{"custom":{"type":"object","description":"caller defined properties","placeholder":"Put a value here","is_array":false,"required":false,"hidden":false,"readonly":false,"properties":{"{user-defined-property}":{"description":"custom property","placeholder":"Put a value here","required":false,"hidden":false,"readonly":false}}},"tags":{"type":"object","description":"tags for experiment","placeholder":"Put a value here","is_array":true,"required":false,"hidden":false,"readonly":false,"properties":{"value":{"type":"string","description":"tag value","placeholder":"Put a value here","is_array":false,"required":true,"hidden":false,"readonly":false},"description":{"type":"string","description":"tag description","placeholder":"Put a value here","is_array":false,"required":false,"hidden":false,"readonly":false}}},"label_column":{"type":"string","description":"label","placeholder":"Put a value here","is_array":false,"required":false,"hidden":false,"readonly":false,"default_value":"None","min_length":0,"max_length":100},"training_references":{"type":"object","description":"training_references of the experiment","placeholder":"Put a value here","is_array":true,"required":false,"hidden":false,"readonly":false,"properties":{"pipeline":{"type":"object","description":"pipeline","placeholder":"Put a value here","is_array":false,"required":false,"hidden":false,"readonly":false,"properties":{"compute":{"type":"object","description":"compute","placeholder":"Put a value here","is_array":false,"required":false,"hidden":false,"readonly":false,"properties":{"name":{"type":"string","description":"compute name","placeholder":"Put a value here","is_array":false,"required":true,"hidden":false,"readonly":false},"nodes":{"type":"number","description":"nodes","placeholder":"Put a value here","is_array":false,"required":true,"hidden":false,"readonly":false}}},"data_bindings":{"type":"object","description":"data_bindings","placeholder":"Put a value here","is_array":true,"required":false,"hidden":false,"readonly":false,"properties":{"data_reference_name":{"type":"string","description":"data_reference_name","placeholder":"Put a value here","is_array":false,"required":true,"hidden":false,"readonly":false},"node_id":{"type":"string","description":"node_id","placeholder":"Put a value here","is_array":false,"required":true,"hidden":false,"readonly":false}}},"hybrid_pipeline_hardware_specs":{"type":"object","description":"hybrid_pipeline_hardware_specs","placeholder":"Put a value here","is_array":false,"required":false,"hidden":false,"readonly":false,"properties":{"node_runtime_id":{"type":"string","description":"node_runtime_id href","placeholder":"Put a value here","is_array":false,"required":true,"hidden":false,"readonly":false},"hardware_spec":{"type":"object","description":"hardware_spec","placeholder":"Put a value here","is_array":false,"required":false,"hidden":false,"readonly":false,"properties":{"id":{"type":"string","description":"hardware_spec id","placeholder":"Put a value here","is_array":false,"required":false,"hidden":false,"readonly":false}}}}},"id":{"type":"string","description":"pipeline id","placeholder":"Put a value here","is_array":false,"required":true,"hidden":false,"readonly":false},"nodes_parameters":{"type":"object","description":"nodes_parameters","placeholder":"Put a value here","is_array":true,"required":false,"hidden":false,"readonly":false,"properties":{"node_id":{"type":"string","description":"data_reference_name","placeholder":"Put a value here","is_array":false,"required":true,"hidden":false,"readonly":false},"parameters":{"type":"object","description":"caller defined properties","placeholder":"Put a value here","is_array":false,"required":true,"hidden":false,"readonly":false,"properties":{"{user-defined-property}":{"description":"custom property","placeholder":"Put a value here","required":false,"hidden":false,"readonly":false}}}}},"model_type":{"type":"string","description":"model_type","placeholder":"Put a value here","is_array":false,"required":false,"hidden":false,"readonly":false},"hardware_spec":{"type":"object","description":"hardware_spec","placeholder":"Put a value here","is_array":false,"required":false,"hidden":false,"readonly":false,"properties":{"id":{"type":"string","description":"hardware_spec id","placeholder":"Put a value here","is_array":false,"required":false,"hidden":false,"readonly":false}}}}},"training_lib":{"type":"object","description":"training_lib","placeholder":"Put a value here","is_array":false,"required":false,"hidden":false,"readonly":false,"properties":{"compute":{"type":"object","description":"compute","placeholder":"Put a value here","is_array":false,"required":false,"hidden":false,"readonly":false,"properties":{"name":{"type":"string","description":"compute name","placeholder":"Put a value here","is_array":false,"required":true,"hidden":false,"readonly":false},"nodes":{"type":"number","description":"nodes","placeholder":"Put a value here","is_array":false,"required":true,"hidden":false,"readonly":false}}},"command":{"type":"string","description":"command","placeholder":"Put a value here","is_array":false,"required":false,"hidden":false,"readonly":false},"id":{"type":"string","description":"training_lib href","placeholder":"Put a value here","is_array":false,"required":true,"hidden":false,"readonly":false},"model_type":{"type":"string","description":"model_type","placeholder":"Put a value here","is_array":false,"required":false,"hidden":false,"readonly":false},"parameters":{"type":"object","description":"caller defined properties","placeholder":"Put a value here","is_array":false,"required":false,"hidden":false,"readonly":false,"properties":{"{user-defined-property}":{"description":"custom property","placeholder":"Put a value here","required":false,"hidden":false,"readonly":false}}},"runtime":{"type":"object","description":"runtime","placeholder":"Put a value here","is_array":false,"required":false,"hidden":false,"readonly":false,"properties":{"href":{"type":"string","description":"runtime href","placeholder":"Put a value here","is_array":false,"required":false,"hidden":false,"readonly":false}}}}},"model_definition":{"type":"object","description":"model_definition","placeholder":"Put a value here","is_array":false,"required":false,"hidden":false,"readonly":false,"properties":{"compute":{"type":"object","description":"compute","placeholder":"Put a value here","is_array":false,"required":false,"hidden":false,"readonly":false,"properties":{"name":{"type":"string","description":"compute name","placeholder":"Put a value here","is_array":false,"required":true,"hidden":false,"readonly":false},"nodes":{"type":"number","description":"nodes","placeholder":"Put a value here","is_array":false,"required":true,"hidden":false,"readonly":false}}},"software_spec":{"type":"object","description":"software_spec","placeholder":"Put a value here","is_array":false,"required":false,"hidden":false,"readonly":false,"properties":{"id":{"type":"string","description":"runtime id","placeholder":"Put a value here","is_array":false,"required":false,"hidden":false,"readonly":false}}},"command":{"type":"string","description":"command","placeholder":"Put a value here","is_array":false,"required":false,"hidden":false,"readonly":false},"id":{"type":"string","description":"model_definition id","placeholder":"Put a value here","is_array":false,"required":false,"hidden":false,"readonly":false},"model_type":{"type":"string","description":"model_type","placeholder":"Put a value here","is_array":false,"required":false,"hidden":false,"readonly":false},"parameters":{"type":"object","description":"caller defined properties","placeholder":"Put a value here","is_array":false,"required":false,"hidden":false,"readonly":false,"properties":{"{user-defined-property}":{"description":"custom property","placeholder":"Put a value here","required":false,"hidden":false,"readonly":false}}}}},"hyper_parameters_optimization":{"type":"object","description":"hyper_parameters_optimization","placeholder":"Put a value here","is_array":false,"required":false,"hidden":false,"readonly":false,"properties":{"method":{"type":"object","description":"method","placeholder":"Put a value here","is_array":false,"required":true,"hidden":false,"readonly":false,"properties":{"name":{"type":"string","description":"name","placeholder":"Put a value here","is_array":false,"required":false,"hidden":false,"readonly":false},"parameters":{"type":"object","description":"caller defined properties","placeholder":"Put a value here","is_array":false,"required":false,"hidden":false,"readonly":false,"properties":{"{user-defined-property}":{"description":"custom property","placeholder":"Put a value here","required":false,"hidden":false,"readonly":false}}}}},"hyper_parameters":{"type":"object","description":"caller defined properties","placeholder":"Put a value here","is_array":false,"required":false,"hidden":false,"readonly":false,"properties":{"{user-defined-property}":{"description":"custom property","placeholder":"Put a value here","required":false,"hidden":false,"readonly":false}}}}}}},"evaluation_definition":{"type":"object","description":"evaluation definition of the experiment","placeholder":"Put a value here","is_array":false,"required":false,"hidden":false,"readonly":false,"properties":{"method":{"type":"string","description":"method type","placeholder":"Put a value here","is_array":false,"required":false,"hidden":false,"readonly":false},"metrics":{"type":"object","description":"evaluation metrics","placeholder":"Put a value here","is_array":true,"required":false,"hidden":false,"readonly":false,"properties":{"name":{"type":"string","description":"metrics name","placeholder":"Put a value here","is_array":false,"required":true,"hidden":false,"readonly":false},"maximize":{"type":"bool","description":"evaluation metrics","placeholder":"Put a value here","is_array":false,"required":false,"hidden":false,"readonly":false}}}}}},"name":"wml_experiment","version":1}