{"metadata":{"asset_id":"fe7132a6-5a02-49c8-8e0e-5e85aef3463b","asset_attributes":["notebook"],"name":"Streams-BasicSample","asset_type":"notebook","created_at":"2020-02-27T08:11:46Z","description":"","origin_country":"us","owner_id":"1000330999","project_id":"f61b7622-fcd9-4891-8c15-e8d6e76013ff","sandbox_id":"f61b7622-fcd9-4891-8c15-e8d6e76013ff","size":5500,"tags":["notebook"],"usage":{"last_update_time":1582791107635,"last_updated_at":"2020-02-27T08:11:47Z"}},"entity":{"notebook":{"kernel":{"name":"python3","display_name":"Python 3.6 + WML CE 1.6.2","language":"python"},"originates_from":{"type":"file"},"runtime":{"environment":"jupconda36-f61b7622-fcd9-4891-8c15-e8d6e76013ff"}}},"attachments":[{"id":"d9ab650a-b1fd-43d1-9676-47e5f63eb7d2","version":2,"asset_type":"notebook","name":"attachment for notebook fe7132a6-5a02-49c8-8e0e-5e85aef3463b","description":"attachment for notebook fe7132a6-5a02-49c8-8e0e-5e85aef3463b","mime":"application/json","object_key":"notebook/Streams-BasicSample_h3l__F1AG.ipynb","create_time":1582791107049,"size":5500,"is_remote":false,"is_managed":false,"is_referenced":true,"is_object_key_read_only":false,"is_user_provided_path_key":true,"transfer_complete":true,"is_partitioned":false,"complete_time_ticks":1582791107049,"user_data":{},"test_doc":0,"handle":{"key":"notebook/Streams-BasicSample_h3l__F1AG.ipynb","upload_id":"done","max_part_num":1},"usage":{"access_count":0,"last_accessor_id":"icp4d-dev","last_access_time":1582791107049}}]}