{"metadata":{"asset_id":"97802a43-92b6-48cf-80dc-a0f69bd9252f","asset_attributes":["notebook"],"name":"Streams-EventStoreSample","asset_type":"notebook","created_at":"2020-03-04T12:14:35Z","description":"","origin_country":"us","owner_id":"1000330999","project_id":"2c3b3790-4a88-4eca-a518-24510fa2a4ed","sandbox_id":"2c3b3790-4a88-4eca-a518-24510fa2a4ed","size":18380,"tags":["notebook"],"usage":{"last_update_time":1583325341120,"last_updated_at":"2020-03-04T12:35:41Z"}},"entity":{"notebook":{"kernel":{"name":"python3","display_name":"Python 3.6","language":"python"},"originates_from":{"type":"file"},"runtime":{"environment":"jupconda36-2c3b3790-4a88-4eca-a518-24510fa2a4ed"}}},"attachments":[{"id":"22582383-a086-43bb-8246-a552b9d7d60f","version":2,"asset_type":"notebook","name":"attachment for notebook 97802a43-92b6-48cf-80dc-a0f69bd9252f","description":"attachment for notebook 97802a43-92b6-48cf-80dc-a0f69bd9252f","mime":"application/json","object_key":"notebook/Streams-EventStoreSample_0RIao5wrF.ipynb","create_time":1583324075930,"size":18380,"is_remote":false,"is_managed":false,"is_referenced":true,"is_object_key_read_only":false,"is_user_provided_path_key":true,"transfer_complete":true,"is_partitioned":false,"complete_time_ticks":1583324075930,"user_data":{},"test_doc":0,"handle":{"key":"notebook/Streams-EventStoreSample_0RIao5wrF.ipynb","upload_id":"done","max_part_num":1},"usage":{"access_count":0,"last_accessor_id":"icp4d-dev","last_access_time":1583324075930}}]}