{"metadata":{"asset_id":"8e47e3ef-0094-4828-93c5-0223e52a8a04","asset_attributes":["notebook"],"name":"Streams-KafkaBasicSample","asset_type":"notebook","created_at":"2020-06-24T07:04:59Z","description":"","origin_country":"us","owner_id":"1000330999","project_id":"1b00096d-ce29-4cca-9415-11601eae2578","sandbox_id":"1b00096d-ce29-4cca-9415-11601eae2578","size":23867,"tags":["notebook"],"usage":{"last_update_time":1597999120168,"last_updated_at":"2020-08-21T08:38:40Z"}},"entity":{"notebook":{"kernel":{"name":"python3","display_name":"Python 3.6","language":"python"},"originates_from":{"type":"file"},"runtime":{"environment":"jupconda36-1b00096d-ce29-4cca-9415-11601eae2578"}}},"attachments":[{"id":"10ea2d9e-abe4-458a-b20f-7f3eb1b7c374","version":2,"asset_type":"notebook","name":"attachment for notebook 8e47e3ef-0094-4828-93c5-0223e52a8a04","description":"attachment for notebook 8e47e3ef-0094-4828-93c5-0223e52a8a04","mime":"application/json","object_key":"notebook/Streams-KafkaBasicSample_M18G0yfvw.ipynb","create_time":1592982300427,"size":23867,"is_remote":false,"is_managed":false,"is_referenced":true,"is_object_key_read_only":false,"is_user_provided_path_key":true,"transfer_complete":true,"is_partitioned":false,"complete_time_ticks":1592982300427,"user_data":{},"test_doc":0,"handle":{"key":"notebook/Streams-KafkaBasicSample_M18G0yfvw.ipynb","upload_id":"done","max_part_num":1},"usage":{"access_count":0,"last_accessor_id":"1000330999","last_access_time":1592982300427}}]}