{"metadata":{"asset_id":"1c73f71d-ff08-4956-81a0-acf62580a2e3","asset_attributes":["notebook"],"name":"Streams-PMMLScoringSample","asset_type":"notebook","created_at":"2020-02-28T14:14:10Z","description":"","origin_country":"us","owner_id":"1000330999","project_id":"31620edd-4797-4534-ad3a-01bd9682c3c2","sandbox_id":"31620edd-4797-4534-ad3a-01bd9682c3c2","size":105482,"tags":["notebook"],"usage":{"last_update_time":1582899400018,"last_updated_at":"2020-02-28T14:16:40Z"}},"entity":{"notebook":{"kernel":{"name":"python3","display_name":"Python 3.6 + WML CE 1.6.2","language":"python"},"originates_from":{"type":"file"},"runtime":{"environment":"jupconda36-31620edd-4797-4534-ad3a-01bd9682c3c2"}}},"attachments":[{"id":"af3d7133-1335-43d0-b973-87346d4fd7dd","version":2,"asset_type":"notebook","name":"attachment for notebook 1c73f71d-ff08-4956-81a0-acf62580a2e3","description":"attachment for notebook 1c73f71d-ff08-4956-81a0-acf62580a2e3","mime":"application/json","object_key":"notebook/Streams-PMMLScoringSample_cDac4Au7G.ipynb","create_time":1582899252452,"size":105482,"is_remote":false,"is_managed":false,"is_referenced":true,"is_object_key_read_only":false,"is_user_provided_path_key":true,"transfer_complete":true,"is_partitioned":false,"complete_time_ticks":1582899252452,"user_data":{},"test_doc":0,"handle":{"key":"notebook/Streams-PMMLScoringSample_cDac4Au7G.ipynb","upload_id":"done","max_part_num":1},"usage":{"access_count":0,"last_accessor_id":"1000330999","last_access_time":1582899252452}}]}