{"metadata":{"asset_id":"4c42457f-0d11-480d-88a8-c36877cc52cb","asset_attributes":["notebook"],"name":"Streams-KafkaBasicSample","asset_type":"notebook","created_at":"2021-01-22T01:06:05Z","description":"","origin_country":"us","owner_id":"1000330999","project_id":"e45415f5-e608-4850-9f43-8a85b3a41505","size":80008,"tags":["notebook"],"usage":{"last_update_time":1611277565684,"last_updated_at":"2021-01-22T01:06:05Z"}},"entity":{"notebook":{"kernel":"","originates_from":{"type":"file"},"runtime":{"environment":"jupconda36-e45415f5-e608-4850-9f43-8a85b3a41505"}}},"attachments":[{"id":"0b1c61b9-9aaf-4f5c-912b-67a83e65b9b9","version":2,"asset_type":"notebook","name":"attachment for notebook 4c42457f-0d11-480d-88a8-c36877cc52cb","description":"attachment for notebook 4c42457f-0d11-480d-88a8-c36877cc52cb","mime":"application/json","datasource_type":"81bafdbd-b7c6-45c5-a4fd-6ec135f66f4e","object_key":"notebook/Streams-KafkaBasicSample_kBnVyIdRR.ipynb","creator_id":"1000330999","create_time":1611277565684,"size":80008,"is_remote":false,"is_managed":false,"is_referenced":true,"is_object_key_read_only":false,"is_user_provided_path_key":true,"transfer_complete":true,"is_partitioned":false,"complete_time_ticks":1611277565684,"user_data":{},"test_doc":0,"handle":{"key":"notebook/Streams-KafkaBasicSample_kBnVyIdRR.ipynb","upload_id":"done","max_part_num":1},"usage":{"access_count":0,"last_accessor_id":"1000330999","last_access_time":1611277565684}}]}