{"metadata":{"asset_id":"c8c2a2cf-088d-4b07-b9e8-c87c0554c5df","asset_attributes":["notebook"],"name":"Streams-SPLToolkitsTutorial","asset_type":"notebook","created_at":"2021-01-22T01:07:13Z","description":"","origin_country":"us","owner_id":"1000330999","project_id":"e45415f5-e608-4850-9f43-8a85b3a41505","size":78651,"tags":["notebook"],"usage":{"last_update_time":1611277633516,"last_updated_at":"2021-01-22T01:07:13Z"}},"entity":{"notebook":{"kernel":"","originates_from":{"type":"file"},"runtime":{"environment":"jupconda36-e45415f5-e608-4850-9f43-8a85b3a41505"}}},"attachments":[{"id":"7d9ccd50-2d2e-4dac-96b0-8f5b6114ebf0","version":2,"asset_type":"notebook","name":"attachment for notebook c8c2a2cf-088d-4b07-b9e8-c87c0554c5df","description":"attachment for notebook c8c2a2cf-088d-4b07-b9e8-c87c0554c5df","mime":"application/json","datasource_type":"81bafdbd-b7c6-45c5-a4fd-6ec135f66f4e","object_key":"notebook/Streams-SPLToolkitsTutorial_ggSQFGgon.ipynb","creator_id":"1000330999","create_time":1611277633516,"size":78651,"is_remote":false,"is_managed":false,"is_referenced":true,"is_object_key_read_only":false,"is_user_provided_path_key":true,"transfer_complete":true,"is_partitioned":false,"complete_time_ticks":1611277633516,"user_data":{},"test_doc":0,"handle":{"key":"notebook/Streams-SPLToolkitsTutorial_ggSQFGgon.ipynb","upload_id":"done","max_part_num":1},"usage":{"access_count":0,"last_accessor_id":"1000330999","last_access_time":1611277633516}}]}