{"metadata":{"asset_id":"d4ffaa19-4e46-41cc-acd7-6edd661bb4dc","asset_attributes":["notebook"],"name":"Streams-KafkaParallelSample","asset_type":"notebook","created_at":"2021-01-22T01:06:19Z","description":"","origin_country":"us","owner_id":"1000330999","project_id":"e45415f5-e608-4850-9f43-8a85b3a41505","size":83439,"tags":["notebook"],"usage":{"last_update_time":1611277579812,"last_updated_at":"2021-01-22T01:06:19Z"}},"entity":{"notebook":{"kernel":"","originates_from":{"type":"file"},"runtime":{"environment":"jupconda36-e45415f5-e608-4850-9f43-8a85b3a41505"}}},"attachments":[{"id":"f37a6b37-7472-4429-b567-40c668ad6fdc","version":2,"asset_type":"notebook","name":"attachment for notebook d4ffaa19-4e46-41cc-acd7-6edd661bb4dc","description":"attachment for notebook d4ffaa19-4e46-41cc-acd7-6edd661bb4dc","mime":"application/json","datasource_type":"81bafdbd-b7c6-45c5-a4fd-6ec135f66f4e","object_key":"notebook/Streams-KafkaParallelSample_6tE7hVJ4W.ipynb","creator_id":"1000330999","create_time":1611277579811,"size":83439,"is_remote":false,"is_managed":false,"is_referenced":true,"is_object_key_read_only":false,"is_user_provided_path_key":true,"transfer_complete":true,"is_partitioned":false,"complete_time_ticks":1611277579811,"user_data":{},"test_doc":0,"handle":{"key":"notebook/Streams-KafkaParallelSample_6tE7hVJ4W.ipynb","upload_id":"done","max_part_num":1},"usage":{"access_count":0,"last_accessor_id":"1000330999","last_access_time":1611277579811}}]}