{"metadata":{"asset_id":"d39b6325-19dc-4ac3-960f-4893005f4eaa","asset_attributes":["notebook"],"name":"Streams-KafkaBasicSample","asset_type":"notebook","created_at":"2020-03-04T13:01:17Z","description":"","origin_country":"us","owner_id":"1000330999","project_id":"2c3b3790-4a88-4eca-a518-24510fa2a4ed","sandbox_id":"2c3b3790-4a88-4eca-a518-24510fa2a4ed","size":23420,"tags":["notebook"],"usage":{"last_update_time":1583326920377,"last_updated_at":"2020-03-04T13:02:00Z"}},"entity":{"notebook":{"kernel":{"name":"python3","display_name":"Python 3.6","language":"python"},"originates_from":{"type":"file"},"runtime":{"environment":"jupconda36-2c3b3790-4a88-4eca-a518-24510fa2a4ed"}}},"attachments":[{"id":"440db428-c28b-4140-881c-be43ed388c8b","version":2,"asset_type":"notebook","name":"attachment for notebook d39b6325-19dc-4ac3-960f-4893005f4eaa","description":"attachment for notebook d39b6325-19dc-4ac3-960f-4893005f4eaa","mime":"application/json","object_key":"notebook/Streams-KafkaBasicSample_ESmiN0qk_.ipynb","create_time":1583326878272,"size":23420,"is_remote":false,"is_managed":false,"is_referenced":true,"is_object_key_read_only":false,"is_user_provided_path_key":true,"transfer_complete":true,"is_partitioned":false,"complete_time_ticks":1583326878272,"user_data":{},"test_doc":0,"handle":{"key":"notebook/Streams-KafkaBasicSample_ESmiN0qk_.ipynb","upload_id":"done","max_part_num":1},"usage":{"access_count":0,"last_accessor_id":"1000330999","last_access_time":1583326878272}}]}