{"metadata":{"asset_id":"aad4d289-17cc-40ee-9ddf-75d88b99860c","asset_attributes":["notebook"],"name":"Streams-KafkaBasicSample","asset_type":"notebook","created_at":"2020-04-07T15:12:05Z","description":"","origin_country":"us","owner_id":"1000330999","project_id":"49b9e14a-c1b7-4cdd-ba29-b00ad9061905","sandbox_id":"49b9e14a-c1b7-4cdd-ba29-b00ad9061905","size":26158,"tags":["notebook"],"usage":{"last_update_time":1586272405537,"last_updated_at":"2020-04-07T15:13:25Z"}},"entity":{"notebook":{"kernel":{"name":"python3","display_name":"Python 3.6","language":"python"},"originates_from":{"url":"https://raw.githubusercontent.com/IBMStreams/sample.starter_notebooks/CP4D-3.0.0.0/Streams-KafkaBasicSample.ipynb","type":"url"},"runtime":{"environment":"jupconda36-49b9e14a-c1b7-4cdd-ba29-b00ad9061905"}}},"attachments":[{"id":"0161082b-ed08-49e8-b5fc-80a8a80c9c44","version":2,"asset_type":"notebook","name":"attachment for notebook aad4d289-17cc-40ee-9ddf-75d88b99860c","description":"attachment for notebook aad4d289-17cc-40ee-9ddf-75d88b99860c","mime":"application/json","object_key":"notebook/Streams-KafkaBasicSample_zTcwGxs8X.ipynb","create_time":1586272327263,"size":26158,"is_remote":false,"is_managed":false,"is_referenced":true,"is_object_key_read_only":false,"is_user_provided_path_key":true,"transfer_complete":true,"is_partitioned":false,"complete_time_ticks":1586272327263,"user_data":{},"test_doc":0,"handle":{"key":"notebook/Streams-KafkaBasicSample_zTcwGxs8X.ipynb","upload_id":"done","max_part_num":1},"usage":{"access_count":0,"last_accessor_id":"1000330999","last_access_time":1586272327263}}]}