{"metadata":{"asset_id":"1d8cb9ff-e496-4af8-b0d4-4549bef86048","asset_attributes":["notebook"],"name":"Streams-KafkaParallelSample","asset_type":"notebook","created_at":"2020-02-28T14:23:12Z","description":"","origin_country":"us","owner_id":"1000330999","project_id":"31620edd-4797-4534-ad3a-01bd9682c3c2","sandbox_id":"31620edd-4797-4534-ad3a-01bd9682c3c2","size":27375,"tags":["notebook"],"usage":{"last_update_time":1582899876841,"last_updated_at":"2020-02-28T14:24:36Z"}},"entity":{"notebook":{"kernel":{"name":"python3","display_name":"Python 3.6 + WML CE 1.6.2","language":"python"},"originates_from":{"type":"file"},"runtime":{"environment":"jupconda36-31620edd-4797-4534-ad3a-01bd9682c3c2"}}},"attachments":[{"id":"32fcd01a-2e44-46e6-8222-eb1e28c252bd","version":2,"asset_type":"notebook","name":"attachment for notebook 1d8cb9ff-e496-4af8-b0d4-4549bef86048","description":"attachment for notebook 1d8cb9ff-e496-4af8-b0d4-4549bef86048","mime":"application/json","object_key":"notebook/Streams-KafkaParallelSample_ZSeJL4-kH.ipynb","create_time":1582899792984,"size":27375,"is_remote":false,"is_managed":false,"is_referenced":true,"is_object_key_read_only":false,"is_user_provided_path_key":true,"transfer_complete":true,"is_partitioned":false,"complete_time_ticks":1582899792984,"user_data":{},"test_doc":0,"handle":{"key":"notebook/Streams-KafkaParallelSample_ZSeJL4-kH.ipynb","upload_id":"done","max_part_num":1},"usage":{"access_count":0,"last_accessor_id":"1000330999","last_access_time":1582899792984}}]}