{"metadata":{"asset_id":"9eceb1b6-e50d-46ae-af7a-46a50f3a4b5f","asset_attributes":["notebook"],"name":"Streams-RollingAverageSample","asset_type":"notebook","created_at":"2021-01-26T18:45:43Z","description":"","origin_country":"us","owner_id":"icp4d-dev","project_id":"763454a3-33fe-4803-a829-ad7e38f41ab4","size":79588,"tags":["notebook"],"usage":{"last_update_time":1611695776001,"last_updated_at":"2021-01-26T21:16:16Z"}},"entity":{"notebook":{"kernel":{"name":"python3","display_name":"Python 3.6","language":"python"},"originates_from":{"type":"file"},"runtime":{"environment":"jupconda36-763454a3-33fe-4803-a829-ad7e38f41ab4"}}},"attachments":[{"id":"2f31bae9-6171-4b5e-944c-48f48fd3fb58","version":2,"asset_type":"notebook","name":"attachment for notebook 9eceb1b6-e50d-46ae-af7a-46a50f3a4b5f","description":"attachment for notebook 9eceb1b6-e50d-46ae-af7a-46a50f3a4b5f","mime":"application/json","datasource_type":"81bafdbd-b7c6-45c5-a4fd-6ec135f66f4e","object_key":"notebook/Streams-RollingAverageSample_lTDom77DD.ipynb","creator_id":"1000330999","create_time":1611686744122,"size":79588,"is_remote":false,"is_managed":false,"is_referenced":true,"is_object_key_read_only":false,"is_user_provided_path_key":true,"transfer_complete":true,"is_partitioned":false,"complete_time_ticks":1611686744122,"user_data":{},"test_doc":0,"handle":{"key":"notebook/Streams-RollingAverageSample_lTDom77DD.ipynb","upload_id":"done","max_part_num":1},"usage":{"access_count":0,"last_accessor_id":"1000330999","last_access_time":1611686744122}}]}