{"metadata":{"asset_id":"48921ace-e202-470a-91cf-3e9df66cf9da","asset_attributes":["notebook"],"name":"Streams-HdfsSample","asset_type":"notebook","created_at":"2021-01-22T01:05:49Z","description":"","origin_country":"us","owner_id":"1000330999","project_id":"e45415f5-e608-4850-9f43-8a85b3a41505","size":71701,"tags":["notebook"],"usage":{"last_update_time":1611277550160,"last_updated_at":"2021-01-22T01:05:50Z"}},"entity":{"notebook":{"kernel":"","originates_from":{"type":"file"},"runtime":{"environment":"jupconda36-e45415f5-e608-4850-9f43-8a85b3a41505"}}},"attachments":[{"id":"7f62a38d-f32b-42eb-bdd1-a8cdb08bb39f","version":2,"asset_type":"notebook","name":"attachment for notebook 48921ace-e202-470a-91cf-3e9df66cf9da","description":"attachment for notebook 48921ace-e202-470a-91cf-3e9df66cf9da","mime":"application/json","datasource_type":"81bafdbd-b7c6-45c5-a4fd-6ec135f66f4e","object_key":"notebook/Streams-HdfsSample_U186LptYI.ipynb","creator_id":"1000330999","create_time":1611277550160,"size":71701,"is_remote":false,"is_managed":false,"is_referenced":true,"is_object_key_read_only":false,"is_user_provided_path_key":true,"transfer_complete":true,"is_partitioned":false,"complete_time_ticks":1611277550160,"user_data":{},"test_doc":0,"handle":{"key":"notebook/Streams-HdfsSample_U186LptYI.ipynb","upload_id":"done","max_part_num":1},"usage":{"access_count":0,"last_accessor_id":"1000330999","last_access_time":1611277550160}}]}