{"metadata":{"asset_id":"9fee154e-314f-4f3b-aa66-e8fe91be6dd9","asset_attributes":["notebook"],"name":"Streams-EventStreamsSample","asset_type":"notebook","created_at":"2021-01-21T16:24:17Z","description":"","origin_country":"us","owner_id":"icp4d-dev","project_id":"9b15a5b5-16ed-4f4d-9564-dacb64b99bd1","size":72088,"tags":["notebook"],"usage":{"last_update_time":1611246257534,"last_updated_at":"2021-01-21T16:24:17Z"}},"entity":{"notebook":{"kernel":{"name":"python3","display_name":"Python 3.6","language":"python"},"originates_from":{"type":"file"},"runtime":{"environment":"jupconda36-9b15a5b5-16ed-4f4d-9564-dacb64b99bd1"}}},"attachments":[{"id":"f63a145e-f66e-4b0f-9184-5f2026c726cd","version":2,"asset_type":"notebook","name":"attachment for notebook 9fee154e-314f-4f3b-aa66-e8fe91be6dd9","description":"attachment for notebook 9fee154e-314f-4f3b-aa66-e8fe91be6dd9","mime":"application/json","datasource_type":"81bafdbd-b7c6-45c5-a4fd-6ec135f66f4e","object_key":"notebook/Streams-EventStreamsSample_Qjea0mcMq.ipynb","creator_id":"1000330999","create_time":1611246257534,"size":72088,"is_remote":false,"is_managed":false,"is_referenced":true,"is_object_key_read_only":false,"is_user_provided_path_key":true,"transfer_complete":true,"is_partitioned":false,"complete_time_ticks":1611246257534,"user_data":{},"test_doc":0,"handle":{"key":"notebook/Streams-EventStreamsSample_Qjea0mcMq.ipynb","upload_id":"done","max_part_num":1},"usage":{"access_count":0,"last_accessor_id":"1000330999","last_access_time":1611246257534}}]}