{"metadata":{"asset_id":"083b4755-62de-41b0-bbd7-96ad41bc52bf","asset_attributes":["notebook"],"name":"Streams-EventStoreSample","asset_type":"notebook","created_at":"2020-04-07T15:08:55Z","description":"","origin_country":"us","owner_id":"1000330999","project_id":"49b9e14a-c1b7-4cdd-ba29-b00ad9061905","sandbox_id":"49b9e14a-c1b7-4cdd-ba29-b00ad9061905","size":21378,"tags":["notebook"],"usage":{"last_update_time":1586272274426,"last_updated_at":"2020-04-07T15:11:14Z"}},"entity":{"notebook":{"kernel":{"name":"python3","display_name":"Python 3.6","language":"python"},"originates_from":{"url":"https://raw.githubusercontent.com/IBMStreams/sample.starter_notebooks/CP4D-3.0.0.0/Streams-EventStoreSample.ipynb","type":"url"},"runtime":{"environment":"jupconda36-49b9e14a-c1b7-4cdd-ba29-b00ad9061905"}}},"attachments":[{"id":"553bc3b3-acaa-4e51-bf73-66b92179bd66","version":2,"asset_type":"notebook","name":"attachment for notebook 083b4755-62de-41b0-bbd7-96ad41bc52bf","description":"attachment for notebook 083b4755-62de-41b0-bbd7-96ad41bc52bf","mime":"application/json","object_key":"notebook/Streams-EventStoreSample_IQsW0T9Zl.ipynb","create_time":1586272136913,"size":21378,"is_remote":false,"is_managed":false,"is_referenced":true,"is_object_key_read_only":false,"is_user_provided_path_key":true,"transfer_complete":true,"is_partitioned":false,"complete_time_ticks":1586272136913,"user_data":{},"test_doc":0,"handle":{"key":"notebook/Streams-EventStoreSample_IQsW0T9Zl.ipynb","upload_id":"done","max_part_num":1},"usage":{"access_count":0,"last_accessor_id":"1000330999","last_access_time":1586272136913}}]}