{"metadata":{"asset_id":"f1d5bcf3-2224-49fa-a141-04de55aea082","asset_attributes":["notebook"],"name":"Streams-SPLToolkitsTutorial","asset_type":"notebook","created_at":"2020-06-24T07:07:53Z","description":"","origin_country":"us","owner_id":"1000330999","project_id":"1b00096d-ce29-4cca-9415-11601eae2578","sandbox_id":"1b00096d-ce29-4cca-9415-11601eae2578","size":21417,"tags":["notebook"],"usage":{"last_update_time":1597999950102,"last_updated_at":"2020-08-21T08:52:30Z"}},"entity":{"notebook":{"kernel":{"name":"python3","display_name":"Python 3.6","language":"python"},"originates_from":{"type":"file"},"runtime":{"environment":"jupconda36-1b00096d-ce29-4cca-9415-11601eae2578"}}},"attachments":[{"id":"6a076fdf-f7b3-4f88-b6fb-7d41ce9210f4","version":2,"asset_type":"notebook","name":"attachment for notebook f1d5bcf3-2224-49fa-a141-04de55aea082","description":"attachment for notebook f1d5bcf3-2224-49fa-a141-04de55aea082","mime":"application/json","object_key":"notebook/Streams-SPLToolkitsTutorial_id11ySanz.ipynb","create_time":1592982473718,"size":21417,"is_remote":false,"is_managed":false,"is_referenced":true,"is_object_key_read_only":false,"is_user_provided_path_key":true,"transfer_complete":true,"is_partitioned":false,"complete_time_ticks":1592982473718,"user_data":{},"test_doc":0,"handle":{"key":"notebook/Streams-SPLToolkitsTutorial_id11ySanz.ipynb","upload_id":"done","max_part_num":1},"usage":{"access_count":0,"last_accessor_id":"1000330999","last_access_time":1592982473718}}]}