{"metadata":{"asset_id":"289940f1-2b0e-4a5f-934f-c50c2e0fb902","asset_attributes":["notebook"],"name":"Streams-KafkaParallelSample","asset_type":"notebook","created_at":"2021-01-21T16:24:17Z","description":"","origin_country":"us","owner_id":"icp4d-dev","project_id":"9b15a5b5-16ed-4f4d-9564-dacb64b99bd1","size":81752,"tags":["notebook"],"usage":{"last_update_time":1611260233306,"last_updated_at":"2021-01-21T20:17:13Z"}},"entity":{"notebook":{"kernel":{"name":"python3","display_name":"Python 3.6","language":"python"},"originates_from":{"type":"file"},"runtime":{"environment":"jupconda36-9b15a5b5-16ed-4f4d-9564-dacb64b99bd1"}}},"attachments":[{"id":"ee3a1f81-2484-4b12-be29-ba4c301d375a","version":2,"asset_type":"notebook","name":"attachment for notebook 289940f1-2b0e-4a5f-934f-c50c2e0fb902","description":"attachment for notebook 289940f1-2b0e-4a5f-934f-c50c2e0fb902","mime":"application/json","datasource_type":"81bafdbd-b7c6-45c5-a4fd-6ec135f66f4e","object_key":"notebook/Streams-KafkaParallelSample_CnYVNgMh_.ipynb","creator_id":"1000330999","create_time":1611246257476,"size":81752,"is_remote":false,"is_managed":false,"is_referenced":true,"is_object_key_read_only":false,"is_user_provided_path_key":true,"transfer_complete":true,"is_partitioned":false,"complete_time_ticks":1611246257476,"user_data":{},"test_doc":0,"handle":{"key":"notebook/Streams-KafkaParallelSample_CnYVNgMh_.ipynb","upload_id":"done","max_part_num":1},"usage":{"access_count":0,"last_accessor_id":"1000330999","last_access_time":1611246257476}}]}