{"metadata":{"asset_id":"f6e5678d-f578-4bc5-bb8e-eafdc06fd93c","asset_attributes":["notebook"],"name":"Streams-KafkaBasicSample","asset_type":"notebook","created_at":"2020-02-28T14:17:39Z","description":"","origin_country":"us","owner_id":"1000330999","project_id":"31620edd-4797-4534-ad3a-01bd9682c3c2","sandbox_id":"31620edd-4797-4534-ad3a-01bd9682c3c2","size":23476,"tags":["notebook"],"usage":{"last_update_time":1582899761493,"last_updated_at":"2020-02-28T14:22:41Z"}},"entity":{"notebook":{"kernel":{"name":"python3","display_name":"Python 3.6 + WML CE 1.6.2","language":"python"},"originates_from":{"type":"file"},"runtime":{"environment":"jupconda36-31620edd-4797-4534-ad3a-01bd9682c3c2"}}},"attachments":[{"id":"3f9f5f69-62e2-4a42-b8bf-d295dced2aa8","version":2,"asset_type":"notebook","name":"attachment for notebook f6e5678d-f578-4bc5-bb8e-eafdc06fd93c","description":"attachment for notebook f6e5678d-f578-4bc5-bb8e-eafdc06fd93c","mime":"application/json","object_key":"notebook/Streams-KafkaBasicSample_G4dwoXQrD.ipynb","create_time":1582899460792,"size":23476,"is_remote":false,"is_managed":false,"is_referenced":true,"is_object_key_read_only":false,"is_user_provided_path_key":true,"transfer_complete":true,"is_partitioned":false,"complete_time_ticks":1582899460792,"user_data":{},"test_doc":0,"handle":{"key":"notebook/Streams-KafkaBasicSample_G4dwoXQrD.ipynb","upload_id":"done","max_part_num":1},"usage":{"access_count":0,"last_accessor_id":"1000330999","last_access_time":1582899460792}}]}