{"metadata":{"asset_id":"04ac6f4b-fedc-491c-be07-055dfd83a5d3","asset_attributes":["notebook"],"name":"Streams-RollingAverageSample","asset_type":"notebook","created_at":"2020-06-24T07:07:04Z","description":"","origin_country":"us","owner_id":"1000330999","project_id":"1b00096d-ce29-4cca-9415-11601eae2578","sandbox_id":"1b00096d-ce29-4cca-9415-11601eae2578","size":21716,"tags":["notebook"],"usage":{"last_update_time":1592982450927,"last_updated_at":"2020-06-24T07:07:30Z"}},"entity":{"notebook":{"kernel":{"name":"python3","display_name":"Python 3.6","language":"python"},"originates_from":{"type":"file"},"runtime":{"environment":"jupconda36-1b00096d-ce29-4cca-9415-11601eae2578"}}},"attachments":[{"id":"194fc60d-2db9-4c22-92e5-1b345a7ad546","version":2,"asset_type":"notebook","name":"attachment for notebook 04ac6f4b-fedc-491c-be07-055dfd83a5d3","description":"attachment for notebook 04ac6f4b-fedc-491c-be07-055dfd83a5d3","mime":"application/json","object_key":"notebook/Streams-RollingAverageSample_uhQPg8OSJ.ipynb","create_time":1592982425422,"size":21716,"is_remote":false,"is_managed":false,"is_referenced":true,"is_object_key_read_only":false,"is_user_provided_path_key":true,"transfer_complete":true,"is_partitioned":false,"complete_time_ticks":1592982425422,"user_data":{},"test_doc":0,"handle":{"key":"notebook/Streams-RollingAverageSample_uhQPg8OSJ.ipynb","upload_id":"done","max_part_num":1},"usage":{"access_count":0,"last_accessor_id":"1000330999","last_access_time":1592982425422}}]}