{"metadata":{"asset_id":"12b1e0e9-a184-4423-b7cd-0b0ce03323cd","asset_attributes":["notebook"],"name":"Streams-EventStreamsSample","asset_type":"notebook","created_at":"2020-03-04T12:59:59Z","description":"","origin_country":"us","owner_id":"1000330999","project_id":"2c3b3790-4a88-4eca-a518-24510fa2a4ed","sandbox_id":"2c3b3790-4a88-4eca-a518-24510fa2a4ed","size":16203,"tags":["notebook"],"usage":{"last_update_time":1583326823569,"last_updated_at":"2020-03-04T13:00:23Z"}},"entity":{"notebook":{"kernel":{"name":"python3","display_name":"Python 3.6","language":"python"},"originates_from":{"type":"file"},"runtime":{"environment":"jupconda36-2c3b3790-4a88-4eca-a518-24510fa2a4ed"}}},"attachments":[{"id":"56fdee12-88d6-40d8-9fdb-065653e6d7ff","version":2,"asset_type":"notebook","name":"attachment for notebook 12b1e0e9-a184-4423-b7cd-0b0ce03323cd","description":"attachment for notebook 12b1e0e9-a184-4423-b7cd-0b0ce03323cd","mime":"application/json","object_key":"notebook/Streams-EventStreamsSample_EMEZ7DooS.ipynb","create_time":1583326800482,"size":16203,"is_remote":false,"is_managed":false,"is_referenced":true,"is_object_key_read_only":false,"is_user_provided_path_key":true,"transfer_complete":true,"is_partitioned":false,"complete_time_ticks":1583326800482,"user_data":{},"test_doc":0,"handle":{"key":"notebook/Streams-EventStreamsSample_EMEZ7DooS.ipynb","upload_id":"done","max_part_num":1},"usage":{"access_count":0,"last_accessor_id":"1000330999","last_access_time":1583326800482}}]}