{"metadata":{"asset_id":"4945dc0d-838a-474a-9c51-b52b03d87e95","asset_attributes":["notebook"],"name":"Streams-EventStreamsSample","asset_type":"notebook","created_at":"2020-02-28T14:04:11Z","description":"","origin_country":"us","owner_id":"1000330999","project_id":"31620edd-4797-4534-ad3a-01bd9682c3c2","sandbox_id":"31620edd-4797-4534-ad3a-01bd9682c3c2","size":17318,"tags":["notebook"],"usage":{"last_update_time":1582898773616,"last_updated_at":"2020-02-28T14:06:13Z"}},"entity":{"notebook":{"kernel":{"name":"python3","display_name":"Python 3.6 + WML CE 1.6.2","language":"python"},"originates_from":{"type":"file"},"runtime":{"environment":"jupconda36-31620edd-4797-4534-ad3a-01bd9682c3c2"}}},"attachments":[{"id":"84fafbf5-2e9c-43c6-83e8-540fd0eb2a03","version":2,"asset_type":"notebook","name":"attachment for notebook 4945dc0d-838a-474a-9c51-b52b03d87e95","description":"attachment for notebook 4945dc0d-838a-474a-9c51-b52b03d87e95","mime":"application/json","object_key":"notebook/Streams-EventStreamsSample_vZ_5o6dEO.ipynb","create_time":1582898652271,"size":17318,"is_remote":false,"is_managed":false,"is_referenced":true,"is_object_key_read_only":false,"is_user_provided_path_key":true,"transfer_complete":true,"is_partitioned":false,"complete_time_ticks":1582898652271,"user_data":{},"test_doc":0,"handle":{"key":"notebook/Streams-EventStreamsSample_vZ_5o6dEO.ipynb","upload_id":"done","max_part_num":1},"usage":{"access_count":0,"last_accessor_id":"1000330999","last_access_time":1582898652271}}]}