{"metadata":{"asset_id":"07630b8d-2991-4d79-ac17-887d9e79619e","asset_attributes":["notebook"],"name":"Streams-HdfsSample","asset_type":"notebook","created_at":"2020-10-30T09:51:53Z","description":"","origin_country":"us","owner_id":"1000330999","project_id":"7c73f7e0-0bcc-4657-a0d0-dadbf2fa4c79","size":69101,"tags":["notebook"],"usage":{"last_update_time":1604051514810,"last_updated_at":"2020-10-30T09:51:54Z"}},"entity":{"notebook":{"kernel":{"name":"python3","display_name":"Python 3.6","language":"python"},"originates_from":{"type":"file"},"runtime":{"environment":"jupconda36-7c73f7e0-0bcc-4657-a0d0-dadbf2fa4c79"}}},"attachments":[{"id":"e421e46a-15c8-42d8-9097-b0c453b0637d","version":2,"asset_type":"notebook","name":"attachment for notebook 07630b8d-2991-4d79-ac17-887d9e79619e","description":"attachment for notebook 07630b8d-2991-4d79-ac17-887d9e79619e","mime":"application/json","datasource_type":"81bafdbd-b7c6-45c5-a4fd-6ec135f66f4e","object_key":"notebook/Streams-HdfsSample_O2C58yLyq.ipynb","creator_id":"icp4d-dev","create_time":1604051513922,"size":69101,"is_remote":false,"is_managed":false,"is_referenced":true,"is_object_key_read_only":false,"is_user_provided_path_key":true,"transfer_complete":true,"is_partitioned":false,"complete_time_ticks":1604051513922,"user_data":{},"test_doc":0,"handle":{"key":"notebook/Streams-HdfsSample_O2C58yLyq.ipynb","upload_id":"done","max_part_num":1},"usage":{"access_count":0,"last_accessor_id":"icp4d-dev","last_access_time":1604051513922}}]}