{"metadata":{"asset_id":"1dde124e-f842-4285-8293-7657e2c5fc1f","asset_attributes":["notebook"],"name":"Streams-BasicSample","asset_type":"notebook","created_at":"2020-06-24T06:48:35Z","description":"","origin_country":"us","owner_id":"1000330999","project_id":"1b00096d-ce29-4cca-9415-11601eae2578","sandbox_id":"1b00096d-ce29-4cca-9415-11601eae2578","size":8070,"tags":["notebook"],"usage":{"last_update_time":1592981716674,"last_updated_at":"2020-06-24T06:55:16Z"}},"entity":{"notebook":{"kernel":{"name":"python3","display_name":"Python 3.6","language":"python"},"originates_from":{"type":"file"},"runtime":{"environment":"jupconda36-1b00096d-ce29-4cca-9415-11601eae2578"}}},"attachments":[{"id":"887a472e-e4bf-43d4-a986-272ace9c7ed1","version":2,"asset_type":"notebook","name":"attachment for notebook 1dde124e-f842-4285-8293-7657e2c5fc1f","description":"attachment for notebook 1dde124e-f842-4285-8293-7657e2c5fc1f","mime":"application/json","object_key":"notebook/Streams-BasicSample_QMtvYm3wA.ipynb","create_time":1592981316551,"size":8070,"is_remote":false,"is_managed":false,"is_referenced":true,"is_object_key_read_only":false,"is_user_provided_path_key":true,"transfer_complete":true,"is_partitioned":false,"complete_time_ticks":1592981316551,"user_data":{},"test_doc":0,"handle":{"key":"notebook/Streams-BasicSample_QMtvYm3wA.ipynb","upload_id":"done","max_part_num":1},"usage":{"access_count":0,"last_accessor_id":"1000330999","last_access_time":1592981316551}}]}