{"metadata":{"asset_id":"725457b3-ddab-4553-a2a9-15349b45c3d6","asset_attributes":["notebook"],"name":"Streams-EventStoreSample","asset_type":"notebook","created_at":"2020-02-28T14:00:47Z","description":"","origin_country":"us","owner_id":"1000330999","project_id":"31620edd-4797-4534-ad3a-01bd9682c3c2","sandbox_id":"31620edd-4797-4534-ad3a-01bd9682c3c2","size":18979,"tags":["notebook"],"usage":{"last_update_time":1582898566156,"last_updated_at":"2020-02-28T14:02:46Z"}},"entity":{"notebook":{"kernel":{"name":"python3","display_name":"Python 3.6 + WML CE 1.6.2","language":"python"},"originates_from":{"type":"file"},"runtime":{"environment":"jupconda36-31620edd-4797-4534-ad3a-01bd9682c3c2"}}},"attachments":[{"id":"355c77f3-9d22-44d6-994c-71d392a61cf0","version":2,"asset_type":"notebook","name":"attachment for notebook 725457b3-ddab-4553-a2a9-15349b45c3d6","description":"attachment for notebook 725457b3-ddab-4553-a2a9-15349b45c3d6","mime":"application/json","object_key":"notebook/Streams-EventStoreSample_0RIao5wrF.ipynb","create_time":1582898447823,"size":18979,"is_remote":false,"is_managed":false,"is_referenced":true,"is_object_key_read_only":false,"is_user_provided_path_key":true,"transfer_complete":true,"is_partitioned":false,"complete_time_ticks":1582898447823,"user_data":{},"test_doc":0,"handle":{"key":"notebook/Streams-EventStoreSample_0RIao5wrF.ipynb","upload_id":"done","max_part_num":1},"usage":{"access_count":0,"last_accessor_id":"1000330999","last_access_time":1582898447823}}]}