{"metadata":{"asset_id":"ab1ab8c0-8378-4104-84d2-3c9f84e88de1","asset_attributes":["notebook"],"name":"Streams-EventStoreSample","asset_type":"notebook","created_at":"2021-01-26T18:45:44Z","description":"","origin_country":"us","owner_id":"icp4d-dev","project_id":"763454a3-33fe-4803-a829-ad7e38f41ab4","size":74568,"tags":["notebook"],"usage":{"last_update_time":1611695784166,"last_updated_at":"2021-01-26T21:16:24Z"}},"entity":{"notebook":{"kernel":{"name":"python3","display_name":"Python 3.6","language":"python"},"originates_from":{"type":"file"},"runtime":{"environment":"jupconda36-763454a3-33fe-4803-a829-ad7e38f41ab4"}}},"attachments":[{"id":"f7d981f0-0245-4eab-b994-d8b0a4f80da2","version":2,"asset_type":"notebook","name":"attachment for notebook ab1ab8c0-8378-4104-84d2-3c9f84e88de1","description":"attachment for notebook ab1ab8c0-8378-4104-84d2-3c9f84e88de1","mime":"application/json","datasource_type":"81bafdbd-b7c6-45c5-a4fd-6ec135f66f4e","object_key":"notebook/Streams-EventStoreSample_fF4dKKS2d.ipynb","creator_id":"1000330999","create_time":1611686744166,"size":74568,"is_remote":false,"is_managed":false,"is_referenced":true,"is_object_key_read_only":false,"is_user_provided_path_key":true,"transfer_complete":true,"is_partitioned":false,"complete_time_ticks":1611686744166,"user_data":{},"test_doc":0,"handle":{"key":"notebook/Streams-EventStoreSample_fF4dKKS2d.ipynb","upload_id":"done","max_part_num":1},"usage":{"access_count":0,"last_accessor_id":"1000330999","last_access_time":1611686744166}}]}