{"metadata":{"asset_id":"c4cd8b3b-b863-40ad-8125-58177275eda6","asset_attributes":["notebook"],"name":"Streams-CPD-WMLScoringSample","asset_type":"notebook","created_at":"2020-06-24T06:59:50Z","description":"","origin_country":"us","owner_id":"1000330999","project_id":"1b00096d-ce29-4cca-9415-11601eae2578","sandbox_id":"1b00096d-ce29-4cca-9415-11601eae2578","size":37324,"tags":["notebook"],"usage":{"last_update_time":1592981990580,"last_updated_at":"2020-06-24T06:59:50Z"}},"entity":{"notebook":{"kernel":"","originates_from":{"type":"file"},"runtime":{"environment":"jupconda36-1b00096d-ce29-4cca-9415-11601eae2578"}}},"attachments":[{"id":"9da95b31-8c06-409f-9467-8418bc538c45","version":2,"asset_type":"notebook","name":"attachment for notebook c4cd8b3b-b863-40ad-8125-58177275eda6","description":"attachment for notebook c4cd8b3b-b863-40ad-8125-58177275eda6","mime":"application/json","object_key":"notebook/Streams-CPD-WMLScoringSample_knQWrMDC2.ipynb","create_time":1592981990579,"size":37324,"is_remote":false,"is_managed":false,"is_referenced":true,"is_object_key_read_only":false,"is_user_provided_path_key":true,"transfer_complete":true,"is_partitioned":false,"complete_time_ticks":1592981990579,"user_data":{},"test_doc":0,"handle":{"key":"notebook/Streams-CPD-WMLScoringSample_knQWrMDC2.ipynb","upload_id":"done","max_part_num":1},"usage":{"access_count":0,"last_accessor_id":"1000330999","last_access_time":1592981990579}}]}