{"metadata":{"asset_id":"d2c720a2-ad7d-438b-89a1-159573a9b0d6","asset_attributes":["notebook"],"name":"Streams-BasicSample","asset_type":"notebook","created_at":"2020-03-04T12:14:35Z","description":"","origin_country":"us","owner_id":"1000330999","project_id":"2c3b3790-4a88-4eca-a518-24510fa2a4ed","sandbox_id":"2c3b3790-4a88-4eca-a518-24510fa2a4ed","size":5500,"tags":["notebook"],"usage":{"last_update_time":1583326077425,"last_updated_at":"2020-03-04T12:47:57Z"}},"entity":{"notebook":{"kernel":{"name":"python3","display_name":"Python 3.6","language":"python"},"originates_from":{"type":"file"},"runtime":{"environment":"jupconda36-2c3b3790-4a88-4eca-a518-24510fa2a4ed"}}},"attachments":[{"id":"8dd315dc-2014-4a5c-9b2c-3bc68b50cec2","version":2,"asset_type":"notebook","name":"attachment for notebook d2c720a2-ad7d-438b-89a1-159573a9b0d6","description":"attachment for notebook d2c720a2-ad7d-438b-89a1-159573a9b0d6","mime":"application/json","object_key":"notebook/Streams-BasicSample_K-NPQpapM.ipynb","create_time":1583324075882,"size":5500,"is_remote":false,"is_managed":false,"is_referenced":true,"is_object_key_read_only":false,"is_user_provided_path_key":true,"transfer_complete":true,"is_partitioned":false,"complete_time_ticks":1583324075882,"user_data":{},"test_doc":0,"handle":{"key":"notebook/Streams-BasicSample_K-NPQpapM.ipynb","upload_id":"done","max_part_num":1},"usage":{"access_count":0,"last_accessor_id":"icp4d-dev","last_access_time":1583324075882}}]}