{"metadata":{"asset_id":"0c38c536-999d-4f2d-a0bd-a11108f4f30f","asset_attributes":["notebook"],"name":"Streams-RollingAverageSample","asset_type":"notebook","created_at":"2020-02-28T14:17:26Z","description":"","origin_country":"us","owner_id":"1000330999","project_id":"31620edd-4797-4534-ad3a-01bd9682c3c2","sandbox_id":"31620edd-4797-4534-ad3a-01bd9682c3c2","size":19197,"tags":["notebook"],"usage":{"last_update_time":1582899658922,"last_updated_at":"2020-02-28T14:20:58Z"}},"entity":{"notebook":{"kernel":{"name":"python3","display_name":"Python 3.6 + WML CE 1.6.2","language":"python"},"originates_from":{"type":"file"},"runtime":{"environment":"jupconda36-31620edd-4797-4534-ad3a-01bd9682c3c2"}}},"attachments":[{"id":"1bbdaaff-9b2a-4a2f-8fa1-998ba900a943","version":2,"asset_type":"notebook","name":"attachment for notebook 0c38c536-999d-4f2d-a0bd-a11108f4f30f","description":"attachment for notebook 0c38c536-999d-4f2d-a0bd-a11108f4f30f","mime":"application/json","object_key":"notebook/Streams-RollingAverageSample_oIqKYyYe_.ipynb","create_time":1582899446850,"size":19197,"is_remote":false,"is_managed":false,"is_referenced":true,"is_object_key_read_only":false,"is_user_provided_path_key":true,"transfer_complete":true,"is_partitioned":false,"complete_time_ticks":1582899446850,"user_data":{},"test_doc":0,"handle":{"key":"notebook/Streams-RollingAverageSample_oIqKYyYe_.ipynb","upload_id":"done","max_part_num":1},"usage":{"access_count":0,"last_accessor_id":"1000330999","last_access_time":1582899446850}}]}