{"metadata":{"asset_id":"ce5b7e3c-b145-49a9-8151-90b1d46911c1","asset_attributes":["notebook"],"name":"Streams-EventStreamsSample","asset_type":"notebook","created_at":"2021-01-22T01:05:14Z","description":"","origin_country":"us","owner_id":"1000330999","project_id":"e45415f5-e608-4850-9f43-8a85b3a41505","size":73271,"tags":["notebook"],"usage":{"last_update_time":1611277514906,"last_updated_at":"2021-01-22T01:05:14Z"}},"entity":{"notebook":{"kernel":"","originates_from":{"type":"file"},"runtime":{"environment":"jupconda36-e45415f5-e608-4850-9f43-8a85b3a41505"}}},"attachments":[{"id":"ac5e9c75-2b13-4e06-afe3-23705fce992e","version":2,"asset_type":"notebook","name":"attachment for notebook ce5b7e3c-b145-49a9-8151-90b1d46911c1","description":"attachment for notebook ce5b7e3c-b145-49a9-8151-90b1d46911c1","mime":"application/json","datasource_type":"81bafdbd-b7c6-45c5-a4fd-6ec135f66f4e","object_key":"notebook/Streams-EventStreamsSample_QtWk4e-jP.ipynb","creator_id":"1000330999","create_time":1611277514905,"size":73271,"is_remote":false,"is_managed":false,"is_referenced":true,"is_object_key_read_only":false,"is_user_provided_path_key":true,"transfer_complete":true,"is_partitioned":false,"complete_time_ticks":1611277514905,"user_data":{},"test_doc":0,"handle":{"key":"notebook/Streams-EventStreamsSample_QtWk4e-jP.ipynb","upload_id":"done","max_part_num":1},"usage":{"access_count":0,"last_accessor_id":"1000330999","last_access_time":1611277514905}}]}