{"metadata":{"asset_id":"12c21e40-e13e-4bf0-bf96-73dd5717dc90","asset_attributes":["notebook"],"name":"Streams-EventStreamsSample","asset_type":"notebook","created_at":"2020-06-24T07:02:14Z","description":"","origin_country":"us","owner_id":"1000330999","project_id":"1b00096d-ce29-4cca-9415-11601eae2578","sandbox_id":"1b00096d-ce29-4cca-9415-11601eae2578","size":16641,"tags":["notebook"],"usage":{"last_update_time":1592982149338,"last_updated_at":"2020-06-24T07:02:29Z"}},"entity":{"notebook":{"kernel":{"name":"python3","display_name":"Python 3.6","language":"python"},"originates_from":{"type":"file"},"runtime":{"environment":"jupconda36-1b00096d-ce29-4cca-9415-11601eae2578"}}},"attachments":[{"id":"aa5aa9de-a81d-4f23-855c-e4b712d33f2e","version":2,"asset_type":"notebook","name":"attachment for notebook 12c21e40-e13e-4bf0-bf96-73dd5717dc90","description":"attachment for notebook 12c21e40-e13e-4bf0-bf96-73dd5717dc90","mime":"application/json","object_key":"notebook/Streams-EventStreamsSample_Qjea0mcMq.ipynb","create_time":1592982134674,"size":16641,"is_remote":false,"is_managed":false,"is_referenced":true,"is_object_key_read_only":false,"is_user_provided_path_key":true,"transfer_complete":true,"is_partitioned":false,"complete_time_ticks":1592982134674,"user_data":{},"test_doc":0,"handle":{"key":"notebook/Streams-EventStreamsSample_Qjea0mcMq.ipynb","upload_id":"done","max_part_num":1},"usage":{"access_count":0,"last_accessor_id":"1000330999","last_access_time":1592982134674}}]}