{"metadata":{"asset_id":"33d687f7-187f-4447-9d08-915fa7f5e3a9","asset_attributes":["notebook"],"name":"Streams-HdfsSample","asset_type":"notebook","created_at":"2020-02-27T08:18:28Z","description":"","origin_country":"us","owner_id":"1000330999","project_id":"f61b7622-fcd9-4891-8c15-e8d6e76013ff","sandbox_id":"f61b7622-fcd9-4891-8c15-e8d6e76013ff","size":17793,"tags":["notebook"],"usage":{"last_update_time":1582791509122,"last_updated_at":"2020-02-27T08:18:29Z"}},"entity":{"notebook":{"kernel":"","originates_from":{"url":"https://raw.githubusercontent.com/IBMStreams/sample.starter_notebooks/CP4D-2.5.0.0/Streams-HdfsSample.ipynb","type":"url"},"runtime":{"environment":"jupconda36-f61b7622-fcd9-4891-8c15-e8d6e76013ff"}}},"attachments":[{"id":"b3a7f2d2-5444-456c-a6d2-a75688727386","version":2,"asset_type":"notebook","name":"attachment for notebook 33d687f7-187f-4447-9d08-915fa7f5e3a9","description":"attachment for notebook 33d687f7-187f-4447-9d08-915fa7f5e3a9","mime":"application/json","object_key":"notebook/Streams-HdfsSample_8BSNjvqut.ipynb","create_time":1582791509121,"size":17793,"is_remote":false,"is_managed":false,"is_referenced":true,"is_object_key_read_only":false,"is_user_provided_path_key":true,"transfer_complete":true,"is_partitioned":false,"complete_time_ticks":1582791509121,"user_data":{},"test_doc":0,"handle":{"key":"notebook/Streams-HdfsSample_8BSNjvqut.ipynb","upload_id":"done","max_part_num":1},"usage":{"access_count":0,"last_accessor_id":"1000330999","last_access_time":1582791509121}}]}