{"metadata":{"asset_id":"3eecb5a9-b560-4738-863a-bf02e3409dd4","asset_attributes":["notebook"],"name":"Streams-HbaseSample","asset_type":"notebook","created_at":"2020-03-04T12:14:35Z","description":"","origin_country":"us","owner_id":"1000330999","project_id":"2c3b3790-4a88-4eca-a518-24510fa2a4ed","sandbox_id":"2c3b3790-4a88-4eca-a518-24510fa2a4ed","size":11610,"tags":["notebook"],"usage":{"last_update_time":1583325717759,"last_updated_at":"2020-03-04T12:41:57Z"}},"entity":{"notebook":{"kernel":{"name":"python3","display_name":"Python 3.6","language":"python"},"originates_from":{"type":"file"},"runtime":{"environment":"jupconda36-2c3b3790-4a88-4eca-a518-24510fa2a4ed"}}},"attachments":[{"id":"61720392-e09b-4200-8a28-571d5b6b5ad2","version":2,"asset_type":"notebook","name":"attachment for notebook 3eecb5a9-b560-4738-863a-bf02e3409dd4","description":"attachment for notebook 3eecb5a9-b560-4738-863a-bf02e3409dd4","mime":"application/json","object_key":"notebook/Streams-HbaseSample_3zKZnf5MO.ipynb","create_time":1583324075996,"size":11610,"is_remote":false,"is_managed":false,"is_referenced":true,"is_object_key_read_only":false,"is_user_provided_path_key":true,"transfer_complete":true,"is_partitioned":false,"complete_time_ticks":1583324075996,"user_data":{},"test_doc":0,"handle":{"key":"notebook/Streams-HbaseSample_3zKZnf5MO.ipynb","upload_id":"done","max_part_num":1},"usage":{"access_count":0,"last_accessor_id":"icp4d-dev","last_access_time":1583324075996}}]}