{"metadata":{"asset_id":"19d814e5-f2b0-47d1-92ca-966394a0674d","asset_attributes":["notebook"],"name":"Streams-RollingAverageSample","asset_type":"notebook","created_at":"2021-01-21T16:26:53Z","description":"","origin_country":"us","owner_id":"1000330999","project_id":"9b15a5b5-16ed-4f4d-9564-dacb64b99bd1","size":79642,"tags":["notebook"],"usage":{"last_update_time":1611253488783,"last_updated_at":"2021-01-21T18:24:48Z"}},"entity":{"notebook":{"kernel":{"name":"python3","display_name":"Python 3.6","language":"python"},"originates_from":{"type":"file"},"runtime":{"environment":"jupconda36-9b15a5b5-16ed-4f4d-9564-dacb64b99bd1"}}},"attachments":[{"id":"a6b295df-a515-43fb-83e6-e15ebc98da67","version":2,"asset_type":"notebook","name":"attachment for notebook 19d814e5-f2b0-47d1-92ca-966394a0674d","description":"attachment for notebook 19d814e5-f2b0-47d1-92ca-966394a0674d","mime":"application/json","datasource_type":"81bafdbd-b7c6-45c5-a4fd-6ec135f66f4e","object_key":"notebook/Streams-RollingAverageSample_UabBRTfoI.ipynb","creator_id":"1000330999","create_time":1611246413641,"size":79642,"is_remote":false,"is_managed":false,"is_referenced":true,"is_object_key_read_only":false,"is_user_provided_path_key":true,"transfer_complete":true,"is_partitioned":false,"complete_time_ticks":1611246413641,"user_data":{},"test_doc":0,"handle":{"key":"notebook/Streams-RollingAverageSample_UabBRTfoI.ipynb","upload_id":"done","max_part_num":1},"usage":{"access_count":0,"last_accessor_id":"1000330999","last_access_time":1611246413641}}]}