{"metadata":{"asset_id":"b74a5a1e-2678-4860-b3e6-e56c88f0e3b0","asset_attributes":["notebook"],"name":"Streams-BasicSample","asset_type":"notebook","created_at":"2021-01-21T16:24:17Z","description":"","origin_country":"us","owner_id":"icp4d-dev","project_id":"9b15a5b5-16ed-4f4d-9564-dacb64b99bd1","size":62659,"tags":["notebook"],"usage":{"last_update_time":1611246684939,"last_updated_at":"2021-01-21T16:31:24Z"}},"entity":{"notebook":{"kernel":{"name":"python3","display_name":"Python 3.6","language":"python"},"originates_from":{"type":"file"},"runtime":{"environment":"jupconda36-9b15a5b5-16ed-4f4d-9564-dacb64b99bd1"}}},"attachments":[{"id":"7a13dc3a-6a92-4d27-8204-963af22f4994","version":2,"asset_type":"notebook","name":"attachment for notebook b74a5a1e-2678-4860-b3e6-e56c88f0e3b0","description":"attachment for notebook b74a5a1e-2678-4860-b3e6-e56c88f0e3b0","mime":"application/json","datasource_type":"81bafdbd-b7c6-45c5-a4fd-6ec135f66f4e","object_key":"notebook/Streams-BasicSample_0amw5zO4E.ipynb","creator_id":"1000330999","create_time":1611246257482,"size":62659,"is_remote":false,"is_managed":false,"is_referenced":true,"is_object_key_read_only":false,"is_user_provided_path_key":true,"transfer_complete":true,"is_partitioned":false,"complete_time_ticks":1611246257482,"user_data":{},"test_doc":0,"handle":{"key":"notebook/Streams-BasicSample_0amw5zO4E.ipynb","upload_id":"done","max_part_num":1},"usage":{"access_count":0,"last_accessor_id":"1000330999","last_access_time":1611246257482}}]}