{"metadata":{"asset_id":"15ccce3b-3f7c-46a2-908e-6c166504506a","asset_attributes":["notebook"],"name":"Streams-BasicSample","asset_type":"notebook","created_at":"2020-02-28T14:03:45Z","description":"","origin_country":"us","owner_id":"1000330999","project_id":"31620edd-4797-4534-ad3a-01bd9682c3c2","sandbox_id":"31620edd-4797-4534-ad3a-01bd9682c3c2","size":5641,"tags":["notebook"],"usage":{"last_update_time":1582898675997,"last_updated_at":"2020-02-28T14:04:35Z"}},"entity":{"notebook":{"kernel":{"name":"python3","display_name":"Python 3.6 + WML CE 1.6.2","language":"python"},"originates_from":{"type":"file"},"runtime":{"environment":"jupconda36-31620edd-4797-4534-ad3a-01bd9682c3c2"}}},"attachments":[{"id":"c7c92219-71a0-4889-be36-9f7730df6974","version":2,"asset_type":"notebook","name":"attachment for notebook 15ccce3b-3f7c-46a2-908e-6c166504506a","description":"attachment for notebook 15ccce3b-3f7c-46a2-908e-6c166504506a","mime":"application/json","object_key":"notebook/Streams-BasicSample_K-NPQpapM.ipynb","create_time":1582898626128,"size":5641,"is_remote":false,"is_managed":false,"is_referenced":true,"is_object_key_read_only":false,"is_user_provided_path_key":true,"transfer_complete":true,"is_partitioned":false,"complete_time_ticks":1582898626128,"user_data":{},"test_doc":0,"handle":{"key":"notebook/Streams-BasicSample_K-NPQpapM.ipynb","upload_id":"done","max_part_num":1},"usage":{"access_count":0,"last_accessor_id":"1000330999","last_access_time":1582898626128}}]}