{"metadata":{"asset_id":"b116b23c-933e-4ac7-bd16-4aaa9b83d10e","asset_attributes":["notebook"],"name":"Streams-BasicSample","asset_type":"notebook","created_at":"2021-01-26T08:07:29Z","description":"","origin_country":"us","owner_id":"icp4d-dev","project_id":"36345b4d-062f-4878-aafb-02cd4100b2e9","size":62230,"tags":["notebook"],"usage":{"last_update_time":1611648449985,"last_updated_at":"2021-01-26T08:07:29Z"}},"entity":{"notebook":{"kernel":"","originates_from":{"type":"file"},"runtime":{"environment":"jupconda36-36345b4d-062f-4878-aafb-02cd4100b2e9"}}},"attachments":[{"id":"8f9ae333-5bbf-4ae1-a4b2-e9697870d7dd","version":2,"asset_type":"notebook","name":"attachment for notebook b116b23c-933e-4ac7-bd16-4aaa9b83d10e","description":"attachment for notebook b116b23c-933e-4ac7-bd16-4aaa9b83d10e","mime":"application/json","datasource_type":"81bafdbd-b7c6-45c5-a4fd-6ec135f66f4e","object_key":"notebook/Streams-BasicSample_uBUezcUGf.ipynb","creator_id":"1000330999","create_time":1611648449984,"size":62230,"is_remote":false,"is_managed":false,"is_referenced":true,"is_object_key_read_only":false,"is_user_provided_path_key":true,"transfer_complete":true,"is_partitioned":false,"complete_time_ticks":1611648449984,"user_data":{},"test_doc":0,"handle":{"key":"notebook/Streams-BasicSample_uBUezcUGf.ipynb","upload_id":"done","max_part_num":1},"usage":{"access_count":0,"last_accessor_id":"1000330999","last_access_time":1611648449984}}]}