{"metadata":{"asset_id":"e40ad145-bdb3-49a0-96e7-9b0783c31323","asset_attributes":["notebook"],"name":"Streams-HdfsSample","asset_type":"notebook","created_at":"2021-01-21T16:24:17Z","description":"","origin_country":"us","owner_id":"icp4d-dev","project_id":"9b15a5b5-16ed-4f4d-9564-dacb64b99bd1","size":70506,"tags":["notebook"],"usage":{"last_update_time":1611260209112,"last_updated_at":"2021-01-21T20:16:49Z"}},"entity":{"notebook":{"kernel":{"name":"python3","display_name":"Python 3.6","language":"python"},"originates_from":{"type":"file"},"runtime":{"environment":"jupconda36-9b15a5b5-16ed-4f4d-9564-dacb64b99bd1"}}},"attachments":[{"id":"fa2cb33b-988f-41f7-a28a-012e4cfcfc74","version":2,"asset_type":"notebook","name":"attachment for notebook e40ad145-bdb3-49a0-96e7-9b0783c31323","description":"attachment for notebook e40ad145-bdb3-49a0-96e7-9b0783c31323","mime":"application/json","datasource_type":"81bafdbd-b7c6-45c5-a4fd-6ec135f66f4e","object_key":"notebook/Streams-HdfsSample_O2C58yLyq.ipynb","creator_id":"1000330999","create_time":1611246257467,"size":70506,"is_remote":false,"is_managed":false,"is_referenced":true,"is_object_key_read_only":false,"is_user_provided_path_key":true,"transfer_complete":true,"is_partitioned":false,"complete_time_ticks":1611246257467,"user_data":{},"test_doc":0,"handle":{"key":"notebook/Streams-HdfsSample_O2C58yLyq.ipynb","upload_id":"done","max_part_num":1},"usage":{"access_count":0,"last_accessor_id":"1000330999","last_access_time":1611246257467}}]}