{"metadata":{"asset_id":"c820b1a6-ec57-445e-9f27-6dfbc8e159a0","asset_attributes":["notebook"],"name":"Streams-SPLToolkitsTutorial","asset_type":"notebook","created_at":"2021-01-26T08:07:29Z","description":"","origin_country":"us","owner_id":"icp4d-dev","project_id":"36345b4d-062f-4878-aafb-02cd4100b2e9","size":78651,"tags":["notebook"],"usage":{"last_update_time":1611648449487,"last_updated_at":"2021-01-26T08:07:29Z"}},"entity":{"notebook":{"kernel":"","originates_from":{"type":"file"},"runtime":{"environment":"jupconda36-36345b4d-062f-4878-aafb-02cd4100b2e9"}}},"attachments":[{"id":"61da8712-1a44-4b3e-a521-f14bf294afaf","version":2,"asset_type":"notebook","name":"attachment for notebook c820b1a6-ec57-445e-9f27-6dfbc8e159a0","description":"attachment for notebook c820b1a6-ec57-445e-9f27-6dfbc8e159a0","mime":"application/json","datasource_type":"81bafdbd-b7c6-45c5-a4fd-6ec135f66f4e","object_key":"notebook/Streams-SPLToolkitsTutorial_ggSQFGgon.ipynb","creator_id":"1000330999","create_time":1611648449487,"size":78651,"is_remote":false,"is_managed":false,"is_referenced":true,"is_object_key_read_only":false,"is_user_provided_path_key":true,"transfer_complete":true,"is_partitioned":false,"complete_time_ticks":1611648449487,"user_data":{},"test_doc":0,"handle":{"key":"notebook/Streams-SPLToolkitsTutorial_ggSQFGgon.ipynb","upload_id":"done","max_part_num":1},"usage":{"access_count":0,"last_accessor_id":"1000330999","last_access_time":1611648449487}}]}