{"metadata":{"asset_id":"4ec85034-8f27-4aa6-b3da-c4a14f82a102","asset_attributes":["notebook"],"name":"Streams-DatabaseSample","asset_type":"notebook","created_at":"2020-11-09T12:46:22Z","description":"","origin_country":"us","owner_id":"icp4d-dev","project_id":"2a10cd8d-6968-4888-a7bd-2b7384c27f7a","size":70415,"tags":["notebook"],"usage":{"last_update_time":1604925982915,"last_updated_at":"2020-11-09T12:46:22Z"}},"entity":{"notebook":{"kernel":{"name":"python3","display_name":"Python 3.6","language":"python"},"originates_from":{"type":"file"},"runtime":{"environment":"jupconda36-2a10cd8d-6968-4888-a7bd-2b7384c27f7a"}}},"attachments":[{"id":"9dfdcb17-6e09-4f0d-abb1-ed6fbc62660d","version":2,"asset_type":"notebook","name":"attachment for notebook 4ec85034-8f27-4aa6-b3da-c4a14f82a102","description":"attachment for notebook 4ec85034-8f27-4aa6-b3da-c4a14f82a102","mime":"application/json","datasource_type":"81bafdbd-b7c6-45c5-a4fd-6ec135f66f4e","object_key":"notebook/Streams-DatabaseSample_lscoAsc05.ipynb","creator_id":"1000330999","create_time":1604925982911,"size":70415,"is_remote":false,"is_managed":false,"is_referenced":true,"is_object_key_read_only":false,"is_user_provided_path_key":true,"transfer_complete":true,"is_partitioned":false,"complete_time_ticks":1604925982911,"user_data":{},"test_doc":0,"handle":{"key":"notebook/Streams-DatabaseSample_lscoAsc05.ipynb","upload_id":"done","max_part_num":1},"usage":{"access_count":0,"last_accessor_id":"1000330999","last_access_time":1604925982911}}]}