{"metadata":{"asset_id":"446cad10-43b7-46a2-8392-0b52d44a91a7","asset_attributes":["notebook"],"name":"Streams-QuerySample","asset_type":"notebook","created_at":"2021-01-26T08:34:22Z","description":"","origin_country":"us","owner_id":"1000330999","project_id":"36345b4d-062f-4878-aafb-02cd4100b2e9","size":81516,"tags":["notebook"],"usage":{"last_update_time":1611675731153,"last_updated_at":"2021-01-26T15:42:11Z"}},"entity":{"notebook":{"kernel":{"name":"python3","display_name":"Python 3.6","language":"python"},"originates_from":{"type":"file"},"runtime":{"environment":"jupconda36-36345b4d-062f-4878-aafb-02cd4100b2e9"}}},"attachments":[{"id":"3663c9f4-7dff-4f99-a0a5-48f1f65d4527","version":2,"asset_type":"notebook","name":"attachment for notebook 446cad10-43b7-46a2-8392-0b52d44a91a7","description":"attachment for notebook 446cad10-43b7-46a2-8392-0b52d44a91a7","mime":"application/json","datasource_type":"81bafdbd-b7c6-45c5-a4fd-6ec135f66f4e","object_key":"notebook/Streams-QuerySample_yX7wWES8i.ipynb","creator_id":"1000330999","create_time":1611650063010,"size":81516,"is_remote":false,"is_managed":false,"is_referenced":true,"is_object_key_read_only":false,"is_user_provided_path_key":true,"transfer_complete":true,"is_partitioned":false,"complete_time_ticks":1611650063010,"user_data":{},"test_doc":0,"handle":{"key":"notebook/Streams-QuerySample_yX7wWES8i.ipynb","upload_id":"done","max_part_num":1},"usage":{"access_count":0,"last_accessor_id":"1000330999","last_access_time":1611650063010}}]}