{"metadata":{"asset_id":"6dd56f51-5297-4761-b752-e6fe96ee2184","asset_attributes":["notebook"],"name":"Streams-HdfsSample","asset_type":"notebook","created_at":"2020-02-28T14:11:40Z","description":"","origin_country":"us","owner_id":"1000330999","project_id":"31620edd-4797-4534-ad3a-01bd9682c3c2","sandbox_id":"31620edd-4797-4534-ad3a-01bd9682c3c2","size":15500,"tags":["notebook"],"usage":{"last_update_time":1582899211301,"last_updated_at":"2020-02-28T14:13:31Z"}},"entity":{"notebook":{"kernel":{"name":"python3","display_name":"Python 3.6 + WML CE 1.6.2","language":"python"},"originates_from":{"type":"file"},"runtime":{"environment":"jupconda36-31620edd-4797-4534-ad3a-01bd9682c3c2"}}},"attachments":[{"id":"7c246474-1a71-4520-a352-7953c39d123b","version":2,"asset_type":"notebook","name":"attachment for notebook 6dd56f51-5297-4761-b752-e6fe96ee2184","description":"attachment for notebook 6dd56f51-5297-4761-b752-e6fe96ee2184","mime":"application/json","object_key":"notebook/Streams-HdfsSample_5vKiWXHpi.ipynb","create_time":1582899102489,"size":15500,"is_remote":false,"is_managed":false,"is_referenced":true,"is_object_key_read_only":false,"is_user_provided_path_key":true,"transfer_complete":true,"is_partitioned":false,"complete_time_ticks":1582899102489,"user_data":{},"test_doc":0,"handle":{"key":"notebook/Streams-HdfsSample_5vKiWXHpi.ipynb","upload_id":"done","max_part_num":1},"usage":{"access_count":0,"last_accessor_id":"1000330999","last_access_time":1582899102489}}]}