{"metadata":{"asset_id":"2ca76dd1-acec-4d98-b769-b43171d110b8","asset_attributes":["notebook"],"name":"Streams-RollingAverageSample","asset_type":"notebook","created_at":"2021-01-26T08:07:29Z","description":"","origin_country":"us","owner_id":"icp4d-dev","project_id":"36345b4d-062f-4878-aafb-02cd4100b2e9","size":79588,"tags":["notebook"],"usage":{"last_update_time":1611675900374,"last_updated_at":"2021-01-26T15:45:00Z"}},"entity":{"notebook":{"kernel":{"name":"python3","display_name":"Python 3.6","language":"python"},"originates_from":{"type":"file"},"runtime":{"environment":"jupconda36-36345b4d-062f-4878-aafb-02cd4100b2e9"}}},"attachments":[{"id":"9bf32e99-87e6-48eb-ab5f-08cedcaa3cea","version":2,"asset_type":"notebook","name":"attachment for notebook 2ca76dd1-acec-4d98-b769-b43171d110b8","description":"attachment for notebook 2ca76dd1-acec-4d98-b769-b43171d110b8","mime":"application/json","datasource_type":"81bafdbd-b7c6-45c5-a4fd-6ec135f66f4e","object_key":"notebook/Streams-RollingAverageSample_lTDom77DD.ipynb","creator_id":"1000330999","create_time":1611648449414,"size":79588,"is_remote":false,"is_managed":false,"is_referenced":true,"is_object_key_read_only":false,"is_user_provided_path_key":true,"transfer_complete":true,"is_partitioned":false,"complete_time_ticks":1611648449414,"user_data":{},"test_doc":0,"handle":{"key":"notebook/Streams-RollingAverageSample_lTDom77DD.ipynb","upload_id":"done","max_part_num":1},"usage":{"access_count":0,"last_accessor_id":"1000330999","last_access_time":1611648449414}}]}