{"metadata":{"asset_id":"78afcd6e-5921-4306-bcdf-811f71cfb688","asset_attributes":["notebook"],"name":"Streams-DatabaseSample","asset_type":"notebook","created_at":"2020-02-27T08:13:39Z","description":"","origin_country":"us","owner_id":"1000330999","project_id":"f61b7622-fcd9-4891-8c15-e8d6e76013ff","sandbox_id":"f61b7622-fcd9-4891-8c15-e8d6e76013ff","size":17405,"tags":["notebook"],"usage":{"last_update_time":1582791220362,"last_updated_at":"2020-02-27T08:13:40Z"}},"entity":{"notebook":{"kernel":"","originates_from":{"url":"https://raw.githubusercontent.com/IBMStreams/sample.starter_notebooks/CP4D-2.5.0.0/Streams-DatabaseSample.ipynb","type":"url"},"runtime":{"environment":"jupconda36-f61b7622-fcd9-4891-8c15-e8d6e76013ff"}}},"attachments":[{"id":"2fa7f6fe-719d-4d64-8c91-4dc4e6f930c1","version":2,"asset_type":"notebook","name":"attachment for notebook 78afcd6e-5921-4306-bcdf-811f71cfb688","description":"attachment for notebook 78afcd6e-5921-4306-bcdf-811f71cfb688","mime":"application/json","object_key":"notebook/Streams-DatabaseSample_oBPA3He-H.ipynb","create_time":1582791220361,"size":17405,"is_remote":false,"is_managed":false,"is_referenced":true,"is_object_key_read_only":false,"is_user_provided_path_key":true,"transfer_complete":true,"is_partitioned":false,"complete_time_ticks":1582791220361,"user_data":{},"test_doc":0,"handle":{"key":"notebook/Streams-DatabaseSample_oBPA3He-H.ipynb","upload_id":"done","max_part_num":1},"usage":{"access_count":0,"last_accessor_id":"1000330999","last_access_time":1582791220361}}]}