{"metadata":{"asset_id":"b07d72f6-ce03-4969-acaf-804e9416da7d","asset_attributes":["notebook"],"name":"Streams-RollingAverageSample","asset_type":"notebook","created_at":"2020-02-27T08:21:30Z","description":"","origin_country":"us","owner_id":"1000330999","project_id":"f61b7622-fcd9-4891-8c15-e8d6e76013ff","sandbox_id":"f61b7622-fcd9-4891-8c15-e8d6e76013ff","size":22045,"tags":["notebook"],"usage":{"last_update_time":1582791691572,"last_updated_at":"2020-02-27T08:21:31Z"}},"entity":{"notebook":{"kernel":"","originates_from":{"url":"https://raw.githubusercontent.com/IBMStreams/sample.starter_notebooks/CP4D-2.5.0.0/Streams-RollingAverageSample.ipynb","type":"url"},"runtime":{"environment":"jupconda36-f61b7622-fcd9-4891-8c15-e8d6e76013ff"}}},"attachments":[{"id":"88a6f6e3-115b-4afb-923b-6f8fd36ea86a","version":2,"asset_type":"notebook","name":"attachment for notebook b07d72f6-ce03-4969-acaf-804e9416da7d","description":"attachment for notebook b07d72f6-ce03-4969-acaf-804e9416da7d","mime":"application/json","object_key":"notebook/Streams-RollingAverageSample_8fThWHGQq.ipynb","create_time":1582791691571,"size":22045,"is_remote":false,"is_managed":false,"is_referenced":true,"is_object_key_read_only":false,"is_user_provided_path_key":true,"transfer_complete":true,"is_partitioned":false,"complete_time_ticks":1582791691571,"user_data":{},"test_doc":0,"handle":{"key":"notebook/Streams-RollingAverageSample_8fThWHGQq.ipynb","upload_id":"done","max_part_num":1},"usage":{"access_count":0,"last_accessor_id":"1000330999","last_access_time":1582791691571}}]}