{"metadata":{"asset_id":"6168b8ed-35eb-4f2f-ab9e-8b14a3f328db","asset_attributes":["notebook"],"name":"Streams-HdfsSample","asset_type":"notebook","created_at":"2020-06-24T07:03:56Z","description":"","origin_country":"us","owner_id":"1000330999","project_id":"1b00096d-ce29-4cca-9415-11601eae2578","sandbox_id":"1b00096d-ce29-4cca-9415-11601eae2578","size":15290,"tags":["notebook"],"usage":{"last_update_time":1592982237572,"last_updated_at":"2020-06-24T07:03:57Z"}},"entity":{"notebook":{"kernel":"","originates_from":{"type":"file"},"runtime":{"environment":"jupconda36-1b00096d-ce29-4cca-9415-11601eae2578"}}},"attachments":[{"id":"51c9e1ac-c4c8-4c00-a282-85689cb3c093","version":2,"asset_type":"notebook","name":"attachment for notebook 6168b8ed-35eb-4f2f-ab9e-8b14a3f328db","description":"attachment for notebook 6168b8ed-35eb-4f2f-ab9e-8b14a3f328db","mime":"application/json","object_key":"notebook/Streams-HdfsSample_O2C58yLyq.ipynb","create_time":1592982237571,"size":15290,"is_remote":false,"is_managed":false,"is_referenced":true,"is_object_key_read_only":false,"is_user_provided_path_key":true,"transfer_complete":true,"is_partitioned":false,"complete_time_ticks":1592982237571,"user_data":{},"test_doc":0,"handle":{"key":"notebook/Streams-HdfsSample_O2C58yLyq.ipynb","upload_id":"done","max_part_num":1},"usage":{"access_count":0,"last_accessor_id":"1000330999","last_access_time":1592982237571}}]}