{"metadata":{"asset_id":"e5633e7c-2c13-46c6-bf92-f8ff74766128","asset_attributes":["notebook"],"name":"Streams-KafkaBasicSample","asset_type":"notebook","created_at":"2020-02-27T08:19:10Z","description":"","origin_country":"us","owner_id":"1000330999","project_id":"f61b7622-fcd9-4891-8c15-e8d6e76013ff","sandbox_id":"f61b7622-fcd9-4891-8c15-e8d6e76013ff","size":26394,"tags":["notebook"],"usage":{"last_update_time":1582791572414,"last_updated_at":"2020-02-27T08:19:32Z"}},"entity":{"notebook":{"kernel":{"name":"python3","display_name":"Python 3.6 + WML CE 1.6.2","language":"python"},"originates_from":{"url":"https://raw.githubusercontent.com/IBMStreams/sample.starter_notebooks/CP4D-2.5.0.0/Streams-KafkaBasicSample.ipynb","type":"url"},"runtime":{"environment":"jupconda36-f61b7622-fcd9-4891-8c15-e8d6e76013ff"}}},"attachments":[{"id":"bfee9419-1df4-4143-b75b-9758c46928d1","version":2,"asset_type":"notebook","name":"attachment for notebook e5633e7c-2c13-46c6-bf92-f8ff74766128","description":"attachment for notebook e5633e7c-2c13-46c6-bf92-f8ff74766128","mime":"application/json","object_key":"notebook/Streams-KafkaBasicSample_k5-77Dkln.ipynb","create_time":1582791551857,"size":26394,"is_remote":false,"is_managed":false,"is_referenced":true,"is_object_key_read_only":false,"is_user_provided_path_key":true,"transfer_complete":true,"is_partitioned":false,"complete_time_ticks":1582791551857,"user_data":{},"test_doc":0,"handle":{"key":"notebook/Streams-KafkaBasicSample_k5-77Dkln.ipynb","upload_id":"done","max_part_num":1},"usage":{"access_count":0,"last_accessor_id":"1000330999","last_access_time":1582791551857}}]}