{"metadata":{"asset_id":"fd012b90-eb6d-4295-93d4-e778bc5adb6f","asset_attributes":["notebook"],"name":"Streams-PMMLScoringSample","asset_type":"notebook","created_at":"2020-06-24T07:06:24Z","description":"","origin_country":"us","owner_id":"1000330999","project_id":"1b00096d-ce29-4cca-9415-11601eae2578","sandbox_id":"1b00096d-ce29-4cca-9415-11601eae2578","size":104378,"tags":["notebook"],"usage":{"last_update_time":1597999024544,"last_updated_at":"2020-08-21T08:37:04Z"}},"entity":{"notebook":{"kernel":{"name":"python3","display_name":"Python 3.6","language":"python"},"originates_from":{"type":"file"},"runtime":{"environment":"jupconda36-1b00096d-ce29-4cca-9415-11601eae2578"}}},"attachments":[{"id":"167fbe53-ebaa-4043-9a17-4720d5f3e367","version":2,"asset_type":"notebook","name":"attachment for notebook fd012b90-eb6d-4295-93d4-e778bc5adb6f","description":"attachment for notebook fd012b90-eb6d-4295-93d4-e778bc5adb6f","mime":"application/json","object_key":"notebook/Streams-PMMLScoringSample_0TiqCB6n6.ipynb","create_time":1592982385697,"size":104378,"is_remote":false,"is_managed":false,"is_referenced":true,"is_object_key_read_only":false,"is_user_provided_path_key":true,"transfer_complete":true,"is_partitioned":false,"complete_time_ticks":1592982385697,"user_data":{},"test_doc":0,"handle":{"key":"notebook/Streams-PMMLScoringSample_0TiqCB6n6.ipynb","upload_id":"done","max_part_num":1},"usage":{"access_count":0,"last_accessor_id":"1000330999","last_access_time":1592982385697}}]}