{"metadata":{"asset_id":"ded1d655-191f-4ac0-bdca-5537a73e0617","asset_attributes":["notebook"],"name":"Streams-DatabaseSample","asset_type":"notebook","created_at":"2020-04-07T15:04:58Z","description":"","origin_country":"us","owner_id":"1000330999","project_id":"49b9e14a-c1b7-4cdd-ba29-b00ad9061905","sandbox_id":"49b9e14a-c1b7-4cdd-ba29-b00ad9061905","size":16817,"tags":["notebook"],"usage":{"last_update_time":1586272043280,"last_updated_at":"2020-04-07T15:07:23Z"}},"entity":{"notebook":{"kernel":{"name":"python3","display_name":"Python 3.6","language":"python"},"originates_from":{"url":"https://raw.githubusercontent.com/IBMStreams/sample.starter_notebooks/CP4D-3.0.0.0/Streams-DatabaseSample.ipynb","type":"url"},"runtime":{"environment":"jupconda36-49b9e14a-c1b7-4cdd-ba29-b00ad9061905"}}},"attachments":[{"id":"40224c9d-f488-4560-9dfc-1aad8b9220c4","version":2,"asset_type":"notebook","name":"attachment for notebook ded1d655-191f-4ac0-bdca-5537a73e0617","description":"attachment for notebook ded1d655-191f-4ac0-bdca-5537a73e0617","mime":"application/json","object_key":"notebook/Streams-DatabaseSample_XlH8iZzSi.ipynb","create_time":1586271901332,"size":16817,"is_remote":false,"is_managed":false,"is_referenced":true,"is_object_key_read_only":false,"is_user_provided_path_key":true,"transfer_complete":true,"is_partitioned":false,"complete_time_ticks":1586271901332,"user_data":{},"test_doc":0,"handle":{"key":"notebook/Streams-DatabaseSample_XlH8iZzSi.ipynb","upload_id":"done","max_part_num":1},"usage":{"access_count":0,"last_accessor_id":"1000330999","last_access_time":1586271901332}}]}