{"metadata":{"asset_id":"a10d5fee-9670-48c1-b608-598c2079df9c","asset_attributes":["notebook"],"name":"Streams-BasicSample","asset_type":"notebook","created_at":"2020-11-11T13:29:12Z","description":"","origin_country":"us","owner_id":"1000330999","project_id":"2a10cd8d-6968-4888-a7bd-2b7384c27f7a","size":62271,"tags":["notebook"],"usage":{"last_update_time":1605103598603,"last_updated_at":"2020-11-11T14:06:38Z"}},"entity":{"notebook":{"kernel":{"name":"python3","display_name":"Python 3.6","language":"python"},"originates_from":{"type":"file"},"runtime":{"environment":"jupconda36-2a10cd8d-6968-4888-a7bd-2b7384c27f7a"}}},"attachments":[{"id":"1e64c8ec-a5fb-4dda-9b32-3261014cd1e0","version":2,"asset_type":"notebook","name":"attachment for notebook a10d5fee-9670-48c1-b608-598c2079df9c","description":"attachment for notebook a10d5fee-9670-48c1-b608-598c2079df9c","mime":"application/json","datasource_type":"81bafdbd-b7c6-45c5-a4fd-6ec135f66f4e","object_key":"notebook/Streams-BasicSample_0amw5zO4E.ipynb","creator_id":"1000330999","create_time":1605101353155,"size":62271,"is_remote":false,"is_managed":false,"is_referenced":true,"is_object_key_read_only":false,"is_user_provided_path_key":true,"transfer_complete":true,"is_partitioned":false,"complete_time_ticks":1605101353155,"user_data":{},"test_doc":0,"handle":{"key":"notebook/Streams-BasicSample_0amw5zO4E.ipynb","upload_id":"done","max_part_num":1},"usage":{"access_count":0,"last_accessor_id":"1000330999","last_access_time":1605101353155}}]}