{"metadata":{"asset_id":"d2c67d1a-5160-4a3f-ac50-1d163cc4b0f4","asset_attributes":["notebook"],"name":"Streams-SPLToolkitsTutorial","asset_type":"notebook","created_at":"2021-01-26T18:45:43Z","description":"","origin_country":"us","owner_id":"icp4d-dev","project_id":"763454a3-33fe-4803-a829-ad7e38f41ab4","size":78651,"tags":["notebook"],"usage":{"last_update_time":1611695784838,"last_updated_at":"2021-01-26T21:16:24Z"}},"entity":{"notebook":{"kernel":{"name":"python3","display_name":"Python 3.6","language":"python"},"originates_from":{"type":"file"},"runtime":{"environment":"jupconda36-763454a3-33fe-4803-a829-ad7e38f41ab4"}}},"attachments":[{"id":"bd88d484-1209-46ec-86c4-c9e4153ab1ec","version":2,"asset_type":"notebook","name":"attachment for notebook d2c67d1a-5160-4a3f-ac50-1d163cc4b0f4","description":"attachment for notebook d2c67d1a-5160-4a3f-ac50-1d163cc4b0f4","mime":"application/json","datasource_type":"81bafdbd-b7c6-45c5-a4fd-6ec135f66f4e","object_key":"notebook/Streams-SPLToolkitsTutorial_ggSQFGgon.ipynb","creator_id":"1000330999","create_time":1611686744095,"size":78651,"is_remote":false,"is_managed":false,"is_referenced":true,"is_object_key_read_only":false,"is_user_provided_path_key":true,"transfer_complete":true,"is_partitioned":false,"complete_time_ticks":1611686744095,"user_data":{},"test_doc":0,"handle":{"key":"notebook/Streams-SPLToolkitsTutorial_ggSQFGgon.ipynb","upload_id":"done","max_part_num":1},"usage":{"access_count":0,"last_accessor_id":"1000330999","last_access_time":1611686744095}}]}