{"metadata":{"asset_id":"ed3d6182-556d-43bc-8af7-00dea54a810d","asset_attributes":["notebook"],"name":"Streams-TimeseriesForecast","asset_type":"notebook","created_at":"2021-01-26T08:08:26Z","description":"","origin_country":"us","owner_id":"1000330999","project_id":"36345b4d-062f-4878-aafb-02cd4100b2e9","size":84680,"tags":["notebook"],"usage":{"last_update_time":1611648631066,"last_updated_at":"2021-01-26T08:10:31Z"}},"entity":{"notebook":{"kernel":{"name":"python3","display_name":"Python 3.6","language":"python"},"originates_from":{"type":"file"},"runtime":{"environment":"jupconda36-36345b4d-062f-4878-aafb-02cd4100b2e9"}}},"attachments":[{"id":"b3763dfb-a128-4e29-8ea4-5ad66d14e2f5","version":2,"asset_type":"notebook","name":"attachment for notebook ed3d6182-556d-43bc-8af7-00dea54a810d","description":"attachment for notebook ed3d6182-556d-43bc-8af7-00dea54a810d","mime":"application/json","datasource_type":"81bafdbd-b7c6-45c5-a4fd-6ec135f66f4e","object_key":"notebook/Streams-TimeseriesForecast_qv2jxIoIJ.ipynb","creator_id":"1000330999","create_time":1611648506774,"size":84680,"is_remote":false,"is_managed":false,"is_referenced":true,"is_object_key_read_only":false,"is_user_provided_path_key":true,"transfer_complete":true,"is_partitioned":false,"complete_time_ticks":1611648506774,"user_data":{},"test_doc":0,"handle":{"key":"notebook/Streams-TimeseriesForecast_qv2jxIoIJ.ipynb","upload_id":"done","max_part_num":1},"usage":{"access_count":0,"last_accessor_id":"1000330999","last_access_time":1611648506774}}]}