{"metadata":{"asset_id":"5f203dde-8836-4d9c-9530-8b52d456ae54","asset_attributes":["notebook"],"name":"Streams-HbaseSample","asset_type":"notebook","created_at":"2021-01-22T01:05:27Z","description":"","origin_country":"us","owner_id":"1000330999","project_id":"e45415f5-e608-4850-9f43-8a85b3a41505","size":68104,"tags":["notebook"],"usage":{"last_update_time":1611277527140,"last_updated_at":"2021-01-22T01:05:27Z"}},"entity":{"notebook":{"kernel":"","originates_from":{"type":"file"},"runtime":{"environment":"jupconda36-e45415f5-e608-4850-9f43-8a85b3a41505"}}},"attachments":[{"id":"5252dbd4-a7b6-4594-8c7c-0728ff0410d6","version":2,"asset_type":"notebook","name":"attachment for notebook 5f203dde-8836-4d9c-9530-8b52d456ae54","description":"attachment for notebook 5f203dde-8836-4d9c-9530-8b52d456ae54","mime":"application/json","datasource_type":"81bafdbd-b7c6-45c5-a4fd-6ec135f66f4e","object_key":"notebook/Streams-HbaseSample_oETjOf0v8.ipynb","creator_id":"1000330999","create_time":1611277527139,"size":68104,"is_remote":false,"is_managed":false,"is_referenced":true,"is_object_key_read_only":false,"is_user_provided_path_key":true,"transfer_complete":true,"is_partitioned":false,"complete_time_ticks":1611277527139,"user_data":{},"test_doc":0,"handle":{"key":"notebook/Streams-HbaseSample_oETjOf0v8.ipynb","upload_id":"done","max_part_num":1},"usage":{"access_count":0,"last_accessor_id":"1000330999","last_access_time":1611277527139}}]}