{"metadata":{"asset_id":"b73b6789-9510-4582-8837-c87b104c657d","asset_attributes":["notebook"],"name":"Streams-KafkaParallelSample","asset_type":"notebook","created_at":"2020-04-07T15:12:21Z","description":"","origin_country":"us","owner_id":"1000330999","project_id":"49b9e14a-c1b7-4cdd-ba29-b00ad9061905","sandbox_id":"49b9e14a-c1b7-4cdd-ba29-b00ad9061905","size":30479,"tags":["notebook"],"usage":{"last_update_time":1586272371354,"last_updated_at":"2020-04-07T15:12:51Z"}},"entity":{"notebook":{"kernel":{"name":"python3","display_name":"Python 3.6","language":"python"},"originates_from":{"url":"https://raw.githubusercontent.com/IBMStreams/sample.starter_notebooks/CP4D-3.0.0.0/Streams-KafkaParallelSample.ipynb","type":"url"},"runtime":{"environment":"jupconda36-49b9e14a-c1b7-4cdd-ba29-b00ad9061905"}}},"attachments":[{"id":"36beb8df-e327-4b96-8ab4-b926aaba735b","version":2,"asset_type":"notebook","name":"attachment for notebook b73b6789-9510-4582-8837-c87b104c657d","description":"attachment for notebook b73b6789-9510-4582-8837-c87b104c657d","mime":"application/json","object_key":"notebook/Streams-KafkaParallelSample_XTI-SdImk.ipynb","create_time":1586272342132,"size":30479,"is_remote":false,"is_managed":false,"is_referenced":true,"is_object_key_read_only":false,"is_user_provided_path_key":true,"transfer_complete":true,"is_partitioned":false,"complete_time_ticks":1586272342132,"user_data":{},"test_doc":0,"handle":{"key":"notebook/Streams-KafkaParallelSample_XTI-SdImk.ipynb","upload_id":"done","max_part_num":1},"usage":{"access_count":0,"last_accessor_id":"1000330999","last_access_time":1586272342132}}]}