{"metadata":{"asset_id":"fad01042-b90b-493f-94b4-b0e54f0a08a1","asset_attributes":["notebook"],"name":"Streams-EventStreamsSample","asset_type":"notebook","created_at":"2020-02-27T08:16:30Z","description":"","origin_country":"us","owner_id":"1000330999","project_id":"f61b7622-fcd9-4891-8c15-e8d6e76013ff","sandbox_id":"f61b7622-fcd9-4891-8c15-e8d6e76013ff","size":19991,"tags":["notebook"],"usage":{"last_update_time":1582791391386,"last_updated_at":"2020-02-27T08:16:31Z"}},"entity":{"notebook":{"kernel":"","originates_from":{"url":"https://raw.githubusercontent.com/IBMStreams/sample.starter_notebooks/CP4D-2.5.0.0/Streams-EventStreamsSample.ipynb","type":"url"},"runtime":{"environment":"jupconda36-f61b7622-fcd9-4891-8c15-e8d6e76013ff"}}},"attachments":[{"id":"c131315a-d1f1-4ebf-a84a-ee7d12d15f7f","version":2,"asset_type":"notebook","name":"attachment for notebook fad01042-b90b-493f-94b4-b0e54f0a08a1","description":"attachment for notebook fad01042-b90b-493f-94b4-b0e54f0a08a1","mime":"application/json","object_key":"notebook/Streams-EventStreamsSample_vZfn71UfN.ipynb","create_time":1582791391385,"size":19991,"is_remote":false,"is_managed":false,"is_referenced":true,"is_object_key_read_only":false,"is_user_provided_path_key":true,"transfer_complete":true,"is_partitioned":false,"complete_time_ticks":1582791391385,"user_data":{},"test_doc":0,"handle":{"key":"notebook/Streams-EventStreamsSample_vZfn71UfN.ipynb","upload_id":"done","max_part_num":1},"usage":{"access_count":0,"last_accessor_id":"1000330999","last_access_time":1582791391385}}]}