{"metadata":{"asset_id":"8b0ee448-6509-4c48-8c3e-96a6335c17a4","asset_attributes":["notebook"],"name":"Streams-EventStoreSample","asset_type":"notebook","created_at":"2021-01-22T01:04:52Z","description":"","origin_country":"us","owner_id":"1000330999","project_id":"e45415f5-e608-4850-9f43-8a85b3a41505","size":73735,"tags":["notebook"],"usage":{"last_update_time":1611277492171,"last_updated_at":"2021-01-22T01:04:52Z"}},"entity":{"notebook":{"kernel":"","originates_from":{"type":"file"},"runtime":{"environment":"jupconda36-e45415f5-e608-4850-9f43-8a85b3a41505"}}},"attachments":[{"id":"3f1b1d4a-bd1d-4b3e-bbc1-5127a155b693","version":2,"asset_type":"notebook","name":"attachment for notebook 8b0ee448-6509-4c48-8c3e-96a6335c17a4","description":"attachment for notebook 8b0ee448-6509-4c48-8c3e-96a6335c17a4","mime":"application/json","datasource_type":"81bafdbd-b7c6-45c5-a4fd-6ec135f66f4e","object_key":"notebook/Streams-EventStoreSample_G-EfecrtN.ipynb","creator_id":"1000330999","create_time":1611277492170,"size":73735,"is_remote":false,"is_managed":false,"is_referenced":true,"is_object_key_read_only":false,"is_user_provided_path_key":true,"transfer_complete":true,"is_partitioned":false,"complete_time_ticks":1611277492170,"user_data":{},"test_doc":0,"handle":{"key":"notebook/Streams-EventStoreSample_G-EfecrtN.ipynb","upload_id":"done","max_part_num":1},"usage":{"access_count":0,"last_accessor_id":"1000330999","last_access_time":1611277492170}}]}