{"metadata":{"asset_id":"3f55c07d-1676-445a-9d6b-51946685951a","asset_attributes":["notebook"],"name":"Streams-EventStoreSample","asset_type":"notebook","created_at":"2021-01-25T19:27:30Z","description":"","origin_country":"us","owner_id":"1000330999","project_id":"e45415f5-e608-4850-9f43-8a85b3a41505","size":74568,"tags":["notebook"],"usage":{"last_update_time":1611602850664,"last_updated_at":"2021-01-25T19:27:30Z"}},"entity":{"notebook":{"kernel":"","originates_from":{"type":"file"},"runtime":{"environment":"jupconda36-e45415f5-e608-4850-9f43-8a85b3a41505"}}},"attachments":[{"id":"bdc46359-3111-4d15-99b9-39c4d5943594","version":2,"asset_type":"notebook","name":"attachment for notebook 3f55c07d-1676-445a-9d6b-51946685951a","description":"attachment for notebook 3f55c07d-1676-445a-9d6b-51946685951a","mime":"application/json","datasource_type":"81bafdbd-b7c6-45c5-a4fd-6ec135f66f4e","object_key":"notebook/Streams-EventStoreSample_fF4dKKS2d.ipynb","creator_id":"1000330999","create_time":1611602850664,"size":74568,"is_remote":false,"is_managed":false,"is_referenced":true,"is_object_key_read_only":false,"is_user_provided_path_key":true,"transfer_complete":true,"is_partitioned":false,"complete_time_ticks":1611602850664,"user_data":{},"test_doc":0,"handle":{"key":"notebook/Streams-EventStoreSample_fF4dKKS2d.ipynb","upload_id":"done","max_part_num":1},"usage":{"access_count":0,"last_accessor_id":"1000330999","last_access_time":1611602850664}}]}