{"metadata":{"asset_id":"60f2c5f5-2906-48f3-917f-8c480682fb13","asset_attributes":["notebook"],"name":"Streams-HdfsSample","asset_type":"notebook","created_at":"2020-04-07T15:11:52Z","description":"","origin_country":"us","owner_id":"1000330999","project_id":"49b9e14a-c1b7-4cdd-ba29-b00ad9061905","sandbox_id":"49b9e14a-c1b7-4cdd-ba29-b00ad9061905","size":16448,"tags":["notebook"],"usage":{"last_update_time":1586272408310,"last_updated_at":"2020-04-07T15:13:28Z"}},"entity":{"notebook":{"kernel":{"name":"python3","display_name":"Python 3.6","language":"python"},"originates_from":{"url":"https://raw.githubusercontent.com/IBMStreams/sample.starter_notebooks/CP4D-3.0.0.0/Streams-HdfsSample.ipynb","type":"url"},"runtime":{"environment":"jupconda36-49b9e14a-c1b7-4cdd-ba29-b00ad9061905"}}},"attachments":[{"id":"92d15075-642c-42d0-b8aa-22b1589a6c7e","version":2,"asset_type":"notebook","name":"attachment for notebook 60f2c5f5-2906-48f3-917f-8c480682fb13","description":"attachment for notebook 60f2c5f5-2906-48f3-917f-8c480682fb13","mime":"application/json","object_key":"notebook/Streams-HdfsSample_Y_2N0b8XD.ipynb","create_time":1586272314403,"size":16448,"is_remote":false,"is_managed":false,"is_referenced":true,"is_object_key_read_only":false,"is_user_provided_path_key":true,"transfer_complete":true,"is_partitioned":false,"complete_time_ticks":1586272314403,"user_data":{},"test_doc":0,"handle":{"key":"notebook/Streams-HdfsSample_Y_2N0b8XD.ipynb","upload_id":"done","max_part_num":1},"usage":{"access_count":0,"last_accessor_id":"1000330999","last_access_time":1586272314403}}]}