{"metadata":{"asset_id":"0cef6b42-2d67-480e-b1b6-8665aeb1b0ce","asset_attributes":["notebook"],"name":"Streams-BasicSample","asset_type":"notebook","created_at":"2021-01-22T01:02:42Z","description":"","origin_country":"us","owner_id":"1000330999","project_id":"e45415f5-e608-4850-9f43-8a85b3a41505","size":62230,"tags":["notebook"],"usage":{"last_update_time":1611277362414,"last_updated_at":"2021-01-22T01:02:42Z"}},"entity":{"notebook":{"kernel":"","originates_from":{"type":"file"},"runtime":{"environment":"jupconda36-e45415f5-e608-4850-9f43-8a85b3a41505"}}},"attachments":[{"id":"19a2ed9b-97b0-4242-9adc-d33576a0f7d7","version":2,"asset_type":"notebook","name":"attachment for notebook 0cef6b42-2d67-480e-b1b6-8665aeb1b0ce","description":"attachment for notebook 0cef6b42-2d67-480e-b1b6-8665aeb1b0ce","mime":"application/json","datasource_type":"81bafdbd-b7c6-45c5-a4fd-6ec135f66f4e","object_key":"notebook/Streams-BasicSample_uBUezcUGf.ipynb","creator_id":"1000330999","create_time":1611277362414,"size":62230,"is_remote":false,"is_managed":false,"is_referenced":true,"is_object_key_read_only":false,"is_user_provided_path_key":true,"transfer_complete":true,"is_partitioned":false,"complete_time_ticks":1611277362414,"user_data":{},"test_doc":0,"handle":{"key":"notebook/Streams-BasicSample_uBUezcUGf.ipynb","upload_id":"done","max_part_num":1},"usage":{"access_count":0,"last_accessor_id":"1000330999","last_access_time":1611277362414}}]}