{"metadata":{"asset_id":"5366dbab-2ab9-433b-be1f-60dc47261788","asset_attributes":["notebook"],"name":"Streams-HdfsSample","asset_type":"notebook","created_at":"2020-03-04T12:14:35Z","description":"","origin_country":"us","owner_id":"1000330999","project_id":"2c3b3790-4a88-4eca-a518-24510fa2a4ed","sandbox_id":"2c3b3790-4a88-4eca-a518-24510fa2a4ed","size":14117,"tags":["notebook"],"usage":{"last_update_time":1583324846737,"last_updated_at":"2020-03-04T12:27:26Z"}},"entity":{"notebook":{"kernel":{"name":"python3","display_name":"Python 3.6","language":"python"},"originates_from":{"type":"file"},"runtime":{"environment":"jupconda36-2c3b3790-4a88-4eca-a518-24510fa2a4ed"}}},"attachments":[{"id":"f0e2fe3c-f8ec-4da1-8bb6-ec8cfd055da5","version":2,"asset_type":"notebook","name":"attachment for notebook 5366dbab-2ab9-433b-be1f-60dc47261788","description":"attachment for notebook 5366dbab-2ab9-433b-be1f-60dc47261788","mime":"application/json","object_key":"notebook/Streams-HdfsSample_5vKiWXHpi.ipynb","create_time":1583324076195,"size":14117,"is_remote":false,"is_managed":false,"is_referenced":true,"is_object_key_read_only":false,"is_user_provided_path_key":true,"transfer_complete":true,"is_partitioned":false,"complete_time_ticks":1583324076195,"user_data":{},"test_doc":0,"handle":{"key":"notebook/Streams-HdfsSample_5vKiWXHpi.ipynb","upload_id":"done","max_part_num":1},"usage":{"access_count":0,"last_accessor_id":"icp4d-dev","last_access_time":1583324076195}}]}