{"metadata":{"asset_id":"f48248e7-f4e9-4d46-8ba5-b69aad8615fd","asset_attributes":["notebook"],"name":"Streams-HbaseSample","asset_type":"notebook","created_at":"2020-06-24T07:02:43Z","description":"","origin_country":"us","owner_id":"1000330999","project_id":"1b00096d-ce29-4cca-9415-11601eae2578","sandbox_id":"1b00096d-ce29-4cca-9415-11601eae2578","size":11889,"tags":["notebook"],"usage":{"last_update_time":1592982164248,"last_updated_at":"2020-06-24T07:02:44Z"}},"entity":{"notebook":{"kernel":"","originates_from":{"type":"file"},"runtime":{"environment":"jupconda36-1b00096d-ce29-4cca-9415-11601eae2578"}}},"attachments":[{"id":"61863a5b-fcb3-43b3-a89e-1879293789ea","version":2,"asset_type":"notebook","name":"attachment for notebook f48248e7-f4e9-4d46-8ba5-b69aad8615fd","description":"attachment for notebook f48248e7-f4e9-4d46-8ba5-b69aad8615fd","mime":"application/json","object_key":"notebook/Streams-HbaseSample_hikH3ao9K.ipynb","create_time":1592982164242,"size":11889,"is_remote":false,"is_managed":false,"is_referenced":true,"is_object_key_read_only":false,"is_user_provided_path_key":true,"transfer_complete":true,"is_partitioned":false,"complete_time_ticks":1592982164242,"user_data":{},"test_doc":0,"handle":{"key":"notebook/Streams-HbaseSample_hikH3ao9K.ipynb","upload_id":"done","max_part_num":1},"usage":{"access_count":0,"last_accessor_id":"1000330999","last_access_time":1592982164242}}]}