{"metadata":{"asset_id":"c68d95fa-3312-4fe9-959f-71a87b4bf117","asset_attributes":["notebook"],"name":"Streams-QuerySample","asset_type":"notebook","created_at":"2021-01-26T21:22:32Z","description":"","origin_country":"us","owner_id":"1000330999","project_id":"763454a3-33fe-4803-a829-ad7e38f41ab4","size":81764,"tags":["notebook"],"usage":{"last_update_time":1611696176254,"last_updated_at":"2021-01-26T21:22:56Z"}},"entity":{"notebook":{"kernel":{"name":"python3","display_name":"Python 3.6","language":"python"},"originates_from":{"type":"file"},"runtime":{"environment":"jupconda36-763454a3-33fe-4803-a829-ad7e38f41ab4"}}},"attachments":[{"id":"afe51141-6385-45d2-ace4-152ffd1b07bb","version":2,"asset_type":"notebook","name":"attachment for notebook c68d95fa-3312-4fe9-959f-71a87b4bf117","description":"attachment for notebook c68d95fa-3312-4fe9-959f-71a87b4bf117","mime":"application/json","datasource_type":"81bafdbd-b7c6-45c5-a4fd-6ec135f66f4e","object_key":"notebook/Streams-QuerySample_H0bkf00BL.ipynb","creator_id":"1000330999","create_time":1611696152286,"size":81764,"is_remote":false,"is_managed":false,"is_referenced":true,"is_object_key_read_only":false,"is_user_provided_path_key":true,"transfer_complete":true,"is_partitioned":false,"complete_time_ticks":1611696152286,"user_data":{},"test_doc":0,"handle":{"key":"notebook/Streams-QuerySample_H0bkf00BL.ipynb","upload_id":"done","max_part_num":1},"usage":{"access_count":0,"last_accessor_id":"1000330999","last_access_time":1611696152286}}]}