{"metadata":{"asset_id":"a263a312-62d2-4a5b-af16-04fdcaf26e5a","asset_attributes":["notebook"],"name":"Streams-SPLToolkitsTutorial","asset_type":"notebook","created_at":"2020-02-28T08:15:32Z","description":"","origin_country":"us","owner_id":"1000330999","project_id":"31620edd-4797-4534-ad3a-01bd9682c3c2","sandbox_id":"31620edd-4797-4534-ad3a-01bd9682c3c2","size":22543,"tags":["notebook"],"usage":{"last_update_time":1582898217819,"last_updated_at":"2020-02-28T13:56:57Z"}},"entity":{"notebook":{"kernel":{"name":"python3","display_name":"Python 3.6 + WML CE 1.6.2","language":"python"},"originates_from":{"type":"file"},"runtime":{"environment":"jupconda36-31620edd-4797-4534-ad3a-01bd9682c3c2"}}},"attachments":[{"id":"c86f050a-50f4-4af1-bdcf-07c6bbc666a3","version":2,"asset_type":"notebook","name":"attachment for notebook a263a312-62d2-4a5b-af16-04fdcaf26e5a","description":"attachment for notebook a263a312-62d2-4a5b-af16-04fdcaf26e5a","mime":"application/json","object_key":"notebook/Streams-SPLToolkitsTutorial_OP4-JHgxR.ipynb","create_time":1582877733302,"size":22543,"is_remote":false,"is_managed":false,"is_referenced":true,"is_object_key_read_only":false,"is_user_provided_path_key":true,"transfer_complete":true,"is_partitioned":false,"complete_time_ticks":1582877733302,"user_data":{},"test_doc":0,"handle":{"key":"notebook/Streams-SPLToolkitsTutorial_OP4-JHgxR.ipynb","upload_id":"done","max_part_num":1},"usage":{"access_count":0,"last_accessor_id":"1000330999","last_access_time":1582877733302}}]}