{"metadata":{"asset_id":"1c6dbe59-61d0-4e79-b345-b8e4246ffc31","asset_attributes":["notebook"],"name":"Streams-EventStoreSample","asset_type":"notebook","created_at":"2021-01-21T16:24:17Z","description":"","origin_country":"us","owner_id":"icp4d-dev","project_id":"9b15a5b5-16ed-4f4d-9564-dacb64b99bd1","size":74071,"tags":["notebook"],"usage":{"last_update_time":1611260306471,"last_updated_at":"2021-01-21T20:18:26Z"}},"entity":{"notebook":{"kernel":{"name":"python3","display_name":"Python 3.6","language":"python"},"originates_from":{"type":"file"},"runtime":{"environment":"jupconda36-9b15a5b5-16ed-4f4d-9564-dacb64b99bd1"}}},"attachments":[{"id":"0f2ed496-ada6-449c-8e62-9f690fae7aa1","version":2,"asset_type":"notebook","name":"attachment for notebook 1c6dbe59-61d0-4e79-b345-b8e4246ffc31","description":"attachment for notebook 1c6dbe59-61d0-4e79-b345-b8e4246ffc31","mime":"application/json","datasource_type":"81bafdbd-b7c6-45c5-a4fd-6ec135f66f4e","object_key":"notebook/Streams-EventStoreSample_G8BKFZEN8.ipynb","creator_id":"1000330999","create_time":1611246257485,"size":74071,"is_remote":false,"is_managed":false,"is_referenced":true,"is_object_key_read_only":false,"is_user_provided_path_key":true,"transfer_complete":true,"is_partitioned":false,"complete_time_ticks":1611246257485,"user_data":{},"test_doc":0,"handle":{"key":"notebook/Streams-EventStoreSample_G8BKFZEN8.ipynb","upload_id":"done","max_part_num":1},"usage":{"access_count":0,"last_accessor_id":"1000330999","last_access_time":1611246257485}}]}