{"metadata":{"asset_id":"5184eb76-272c-4339-852c-d98ed9f9c42a","asset_attributes":["notebook"],"name":"Streams-CPD-WMLScoringSample","asset_type":"notebook","created_at":"2021-01-22T01:03:03Z","description":"","origin_country":"us","owner_id":"1000330999","project_id":"e45415f5-e608-4850-9f43-8a85b3a41505","size":97707,"tags":["notebook"],"usage":{"last_update_time":1611277384057,"last_updated_at":"2021-01-22T01:03:04Z"}},"entity":{"notebook":{"kernel":"","originates_from":{"type":"file"},"runtime":{"environment":"jupconda36-e45415f5-e608-4850-9f43-8a85b3a41505"}}},"attachments":[{"id":"d11bed88-843e-40bf-a5b0-acfa722a3134","version":2,"asset_type":"notebook","name":"attachment for notebook 5184eb76-272c-4339-852c-d98ed9f9c42a","description":"attachment for notebook 5184eb76-272c-4339-852c-d98ed9f9c42a","mime":"application/json","datasource_type":"81bafdbd-b7c6-45c5-a4fd-6ec135f66f4e","object_key":"notebook/Streams-CPD-WMLScoringSample_sTDdGXqRl.ipynb","creator_id":"1000330999","create_time":1611277384056,"size":97707,"is_remote":false,"is_managed":false,"is_referenced":true,"is_object_key_read_only":false,"is_user_provided_path_key":true,"transfer_complete":true,"is_partitioned":false,"complete_time_ticks":1611277384056,"user_data":{},"test_doc":0,"handle":{"key":"notebook/Streams-CPD-WMLScoringSample_sTDdGXqRl.ipynb","upload_id":"done","max_part_num":1},"usage":{"access_count":0,"last_accessor_id":"1000330999","last_access_time":1611277384056}}]}