{"metadata":{"asset_id":"0dbc4b57-955e-4a2d-b1b5-96885536bedf","asset_attributes":["notebook"],"name":"Streams-EventStreamsSample","asset_type":"notebook","created_at":"2020-04-07T15:09:22Z","description":"","origin_country":"us","owner_id":"1000330999","project_id":"49b9e14a-c1b7-4cdd-ba29-b00ad9061905","sandbox_id":"49b9e14a-c1b7-4cdd-ba29-b00ad9061905","size":18656,"tags":["notebook"],"usage":{"last_update_time":1586272239555,"last_updated_at":"2020-04-07T15:10:39Z"}},"entity":{"notebook":{"kernel":{"name":"python3","display_name":"Python 3.6","language":"python"},"originates_from":{"url":"https://raw.githubusercontent.com/IBMStreams/sample.starter_notebooks/CP4D-3.0.0.0/Streams-EventStreamsSample.ipynb","type":"url"},"runtime":{"environment":"jupconda36-49b9e14a-c1b7-4cdd-ba29-b00ad9061905"}}},"attachments":[{"id":"03ca1be8-da7f-4a8f-b8e9-29f38974cd4a","version":2,"asset_type":"notebook","name":"attachment for notebook 0dbc4b57-955e-4a2d-b1b5-96885536bedf","description":"attachment for notebook 0dbc4b57-955e-4a2d-b1b5-96885536bedf","mime":"application/json","object_key":"notebook/Streams-EventStreamsSample_xL7MLBtCL.ipynb","create_time":1586272162768,"size":18656,"is_remote":false,"is_managed":false,"is_referenced":true,"is_object_key_read_only":false,"is_user_provided_path_key":true,"transfer_complete":true,"is_partitioned":false,"complete_time_ticks":1586272162768,"user_data":{},"test_doc":0,"handle":{"key":"notebook/Streams-EventStreamsSample_xL7MLBtCL.ipynb","upload_id":"done","max_part_num":1},"usage":{"access_count":0,"last_accessor_id":"1000330999","last_access_time":1586272162768}}]}