{"metadata":{"asset_id":"202d766d-8295-4669-ba8e-8b386dcdfd58","asset_attributes":["notebook"],"name":"Streams-RollingAverageSample","asset_type":"notebook","created_at":"2020-03-04T12:14:35Z","description":"","origin_country":"us","owner_id":"1000330999","project_id":"2c3b3790-4a88-4eca-a518-24510fa2a4ed","sandbox_id":"2c3b3790-4a88-4eca-a518-24510fa2a4ed","size":18240,"tags":["notebook"],"usage":{"last_update_time":1583325652206,"last_updated_at":"2020-03-04T12:40:52Z"}},"entity":{"notebook":{"kernel":{"name":"python3","display_name":"Python 3.6","language":"python"},"originates_from":{"type":"file"},"runtime":{"environment":"jupconda36-2c3b3790-4a88-4eca-a518-24510fa2a4ed"}}},"attachments":[{"id":"260bd68a-1cbc-4469-a8cd-75ca8e4c42ef","version":2,"asset_type":"notebook","name":"attachment for notebook 202d766d-8295-4669-ba8e-8b386dcdfd58","description":"attachment for notebook 202d766d-8295-4669-ba8e-8b386dcdfd58","mime":"application/json","object_key":"notebook/Streams-RollingAverageSample_oIqKYyYe_.ipynb","create_time":1583324076339,"size":18240,"is_remote":false,"is_managed":false,"is_referenced":true,"is_object_key_read_only":false,"is_user_provided_path_key":true,"transfer_complete":true,"is_partitioned":false,"complete_time_ticks":1583324076339,"user_data":{},"test_doc":0,"handle":{"key":"notebook/Streams-RollingAverageSample_oIqKYyYe_.ipynb","upload_id":"done","max_part_num":1},"usage":{"access_count":0,"last_accessor_id":"icp4d-dev","last_access_time":1583324076339}}]}