{"metadata":{"asset_id":"8b0012aa-a1cf-419b-8b5b-bb3494c490ad","asset_attributes":["notebook"],"name":"Streams-EventStreamsSample","asset_type":"notebook","created_at":"2021-01-26T08:07:29Z","description":"","origin_country":"us","owner_id":"icp4d-dev","project_id":"36345b4d-062f-4878-aafb-02cd4100b2e9","size":73271,"tags":["notebook"],"usage":{"last_update_time":1611648449445,"last_updated_at":"2021-01-26T08:07:29Z"}},"entity":{"notebook":{"kernel":"","originates_from":{"type":"file"},"runtime":{"environment":"jupconda36-36345b4d-062f-4878-aafb-02cd4100b2e9"}}},"attachments":[{"id":"c784a1f6-037a-44b7-9fdf-94d243852b33","version":2,"asset_type":"notebook","name":"attachment for notebook 8b0012aa-a1cf-419b-8b5b-bb3494c490ad","description":"attachment for notebook 8b0012aa-a1cf-419b-8b5b-bb3494c490ad","mime":"application/json","datasource_type":"81bafdbd-b7c6-45c5-a4fd-6ec135f66f4e","object_key":"notebook/Streams-EventStreamsSample_QtWk4e-jP.ipynb","creator_id":"1000330999","create_time":1611648449445,"size":73271,"is_remote":false,"is_managed":false,"is_referenced":true,"is_object_key_read_only":false,"is_user_provided_path_key":true,"transfer_complete":true,"is_partitioned":false,"complete_time_ticks":1611648449445,"user_data":{},"test_doc":0,"handle":{"key":"notebook/Streams-EventStreamsSample_QtWk4e-jP.ipynb","upload_id":"done","max_part_num":1},"usage":{"access_count":0,"last_accessor_id":"1000330999","last_access_time":1611648449445}}]}