{"metadata":{"asset_id":"305f0927-0a24-40e1-98b3-033a07516280","asset_attributes":["notebook"],"name":"Streams-SPLToolkitsTutorial","asset_type":"notebook","created_at":"2020-03-04T12:14:35Z","description":"","origin_country":"us","owner_id":"1000330999","project_id":"2c3b3790-4a88-4eca-a518-24510fa2a4ed","sandbox_id":"2c3b3790-4a88-4eca-a518-24510fa2a4ed","size":21184,"tags":["notebook"],"usage":{"last_update_time":1583326325267,"last_updated_at":"2020-03-04T12:52:05Z"}},"entity":{"notebook":{"kernel":{"name":"python3","display_name":"Python 3.6","language":"python"},"originates_from":{"type":"file"},"runtime":{"environment":"jupconda36-2c3b3790-4a88-4eca-a518-24510fa2a4ed"}}},"attachments":[{"id":"71d373e0-918a-41ac-90c5-a3bfd1c23089","version":2,"asset_type":"notebook","name":"attachment for notebook 305f0927-0a24-40e1-98b3-033a07516280","description":"attachment for notebook 305f0927-0a24-40e1-98b3-033a07516280","mime":"application/json","object_key":"notebook/Streams-SPLToolkitsTutorial_OP4-JHgxR.ipynb","create_time":1583324076195,"size":21184,"is_remote":false,"is_managed":false,"is_referenced":true,"is_object_key_read_only":false,"is_user_provided_path_key":true,"transfer_complete":true,"is_partitioned":false,"complete_time_ticks":1583324076195,"user_data":{},"test_doc":0,"handle":{"key":"notebook/Streams-SPLToolkitsTutorial_OP4-JHgxR.ipynb","upload_id":"done","max_part_num":1},"usage":{"access_count":0,"last_accessor_id":"icp4d-dev","last_access_time":1583324076195}}]}