{"metadata":{"asset_id":"9188849e-a7cf-42c4-b4bf-f50621a09ec2","asset_attributes":["notebook"],"name":"Streams-EventStoreSample","asset_type":"notebook","created_at":"2020-11-09T12:46:21Z","description":"","origin_country":"us","owner_id":"icp4d-dev","project_id":"2a10cd8d-6968-4888-a7bd-2b7384c27f7a","size":72966,"tags":["notebook"],"usage":{"last_update_time":1605104072493,"last_updated_at":"2020-11-11T14:14:32Z"}},"entity":{"notebook":{"kernel":{"name":"python3","display_name":"Python 3.6","language":"python"},"originates_from":{"type":"file"},"runtime":{"environment":"jupconda36-2a10cd8d-6968-4888-a7bd-2b7384c27f7a"}}},"attachments":[{"id":"e8de683d-4698-46e0-a0c9-a28898b5a6a9","version":2,"asset_type":"notebook","name":"attachment for notebook 9188849e-a7cf-42c4-b4bf-f50621a09ec2","description":"attachment for notebook 9188849e-a7cf-42c4-b4bf-f50621a09ec2","mime":"application/json","datasource_type":"81bafdbd-b7c6-45c5-a4fd-6ec135f66f4e","object_key":"notebook/Streams-EventStoreSample_G8BKFZEN8.ipynb","creator_id":"1000330999","create_time":1604925982496,"size":72966,"is_remote":false,"is_managed":false,"is_referenced":true,"is_object_key_read_only":false,"is_user_provided_path_key":true,"transfer_complete":true,"is_partitioned":false,"complete_time_ticks":1604925982496,"user_data":{},"test_doc":0,"handle":{"key":"notebook/Streams-EventStoreSample_G8BKFZEN8.ipynb","upload_id":"done","max_part_num":1},"usage":{"access_count":0,"last_accessor_id":"1000330999","last_access_time":1604925982496}}]}