{"metadata":{"asset_id":"c31ca8dc-61f5-4076-bb19-44bc7146b0a1","asset_attributes":["notebook"],"name":"Streams-KafkaParallelSample","asset_type":"notebook","created_at":"2020-03-04T13:00:39Z","description":"","origin_country":"us","owner_id":"1000330999","project_id":"2c3b3790-4a88-4eca-a518-24510fa2a4ed","sandbox_id":"2c3b3790-4a88-4eca-a518-24510fa2a4ed","size":27271,"tags":["notebook"],"usage":{"last_update_time":1583326861426,"last_updated_at":"2020-03-04T13:01:01Z"}},"entity":{"notebook":{"kernel":{"name":"python3","display_name":"Python 3.6","language":"python"},"originates_from":{"type":"file"},"runtime":{"environment":"jupconda36-2c3b3790-4a88-4eca-a518-24510fa2a4ed"}}},"attachments":[{"id":"97270d2e-e19c-4416-936d-42fcdbf7afd8","version":2,"asset_type":"notebook","name":"attachment for notebook c31ca8dc-61f5-4076-bb19-44bc7146b0a1","description":"attachment for notebook c31ca8dc-61f5-4076-bb19-44bc7146b0a1","mime":"application/json","object_key":"notebook/Streams-KafkaParallelSample_iJQBSzY3G.ipynb","create_time":1583326840443,"size":27271,"is_remote":false,"is_managed":false,"is_referenced":true,"is_object_key_read_only":false,"is_user_provided_path_key":true,"transfer_complete":true,"is_partitioned":false,"complete_time_ticks":1583326840443,"user_data":{},"test_doc":0,"handle":{"key":"notebook/Streams-KafkaParallelSample_iJQBSzY3G.ipynb","upload_id":"done","max_part_num":1},"usage":{"access_count":0,"last_accessor_id":"1000330999","last_access_time":1583326840443}}]}