{"metadata":{"asset_id":"529c46a2-3b0a-4f68-84fe-c9f8799e0c7a","asset_attributes":["notebook"],"name":"Streams-PMMLScoringSample","asset_type":"notebook","created_at":"2020-04-07T15:14:06Z","description":"","origin_country":"us","owner_id":"1000330999","project_id":"49b9e14a-c1b7-4cdd-ba29-b00ad9061905","sandbox_id":"49b9e14a-c1b7-4cdd-ba29-b00ad9061905","size":107051,"tags":["notebook"],"usage":{"last_update_time":1586272539413,"last_updated_at":"2020-04-07T15:15:39Z"}},"entity":{"notebook":{"kernel":{"name":"python3","display_name":"Python 3.6","language":"python"},"originates_from":{"url":"https://raw.githubusercontent.com/IBMStreams/sample.starter_notebooks/CP4D-3.0.0.0/Streams-PMMLScoringSample.ipynb","type":"url"},"runtime":{"environment":"jupconda36-49b9e14a-c1b7-4cdd-ba29-b00ad9061905"}}},"attachments":[{"id":"b038eccb-d3ac-4f34-895b-5d754aab9055","version":2,"asset_type":"notebook","name":"attachment for notebook 529c46a2-3b0a-4f68-84fe-c9f8799e0c7a","description":"attachment for notebook 529c46a2-3b0a-4f68-84fe-c9f8799e0c7a","mime":"application/json","object_key":"notebook/Streams-PMMLScoringSample_YMsgUNOGy.ipynb","create_time":1586272447437,"size":107051,"is_remote":false,"is_managed":false,"is_referenced":true,"is_object_key_read_only":false,"is_user_provided_path_key":true,"transfer_complete":true,"is_partitioned":false,"complete_time_ticks":1586272447437,"user_data":{},"test_doc":0,"handle":{"key":"notebook/Streams-PMMLScoringSample_YMsgUNOGy.ipynb","upload_id":"done","max_part_num":1},"usage":{"access_count":0,"last_accessor_id":"1000330999","last_access_time":1586272447437}}]}