{"metadata":{"asset_id":"dbf3781d-3ff2-44f0-a282-6d9f98f49061","asset_attributes":["notebook"],"name":"Streams-RollingAverageSample","asset_type":"notebook","created_at":"2021-01-22T01:06:53Z","description":"","origin_country":"us","owner_id":"1000330999","project_id":"e45415f5-e608-4850-9f43-8a85b3a41505","size":79588,"tags":["notebook"],"usage":{"last_update_time":1611277613712,"last_updated_at":"2021-01-22T01:06:53Z"}},"entity":{"notebook":{"kernel":"","originates_from":{"type":"file"},"runtime":{"environment":"jupconda36-e45415f5-e608-4850-9f43-8a85b3a41505"}}},"attachments":[{"id":"23b0ebf7-afbc-40bc-b079-bb7da9038142","version":2,"asset_type":"notebook","name":"attachment for notebook dbf3781d-3ff2-44f0-a282-6d9f98f49061","description":"attachment for notebook dbf3781d-3ff2-44f0-a282-6d9f98f49061","mime":"application/json","datasource_type":"81bafdbd-b7c6-45c5-a4fd-6ec135f66f4e","object_key":"notebook/Streams-RollingAverageSample_lTDom77DD.ipynb","creator_id":"1000330999","create_time":1611277613712,"size":79588,"is_remote":false,"is_managed":false,"is_referenced":true,"is_object_key_read_only":false,"is_user_provided_path_key":true,"transfer_complete":true,"is_partitioned":false,"complete_time_ticks":1611277613712,"user_data":{},"test_doc":0,"handle":{"key":"notebook/Streams-RollingAverageSample_lTDom77DD.ipynb","upload_id":"done","max_part_num":1},"usage":{"access_count":0,"last_accessor_id":"1000330999","last_access_time":1611277613712}}]}