{"metadata":{"asset_id":"de49819f-a594-4983-8922-59bc4557e67e","asset_attributes":["notebook"],"name":"Streams-DatabaseSample","asset_type":"notebook","created_at":"2020-03-04T12:14:35Z","description":"","origin_country":"us","owner_id":"1000330999","project_id":"2c3b3790-4a88-4eca-a518-24510fa2a4ed","sandbox_id":"2c3b3790-4a88-4eca-a518-24510fa2a4ed","size":14347,"tags":["notebook"],"usage":{"last_update_time":1583325145213,"last_updated_at":"2020-03-04T12:32:25Z"}},"entity":{"notebook":{"kernel":{"name":"python3","display_name":"Python 3.6","language":"python"},"originates_from":{"type":"file"},"runtime":{"environment":"jupconda36-2c3b3790-4a88-4eca-a518-24510fa2a4ed"}}},"attachments":[{"id":"657f8470-9dec-452a-b353-63e577b5fd37","version":2,"asset_type":"notebook","name":"attachment for notebook de49819f-a594-4983-8922-59bc4557e67e","description":"attachment for notebook de49819f-a594-4983-8922-59bc4557e67e","mime":"application/json","object_key":"notebook/Streams-DatabaseSample_dkxuyqL5l.ipynb","create_time":1583324076326,"size":14347,"is_remote":false,"is_managed":false,"is_referenced":true,"is_object_key_read_only":false,"is_user_provided_path_key":true,"transfer_complete":true,"is_partitioned":false,"complete_time_ticks":1583324076326,"user_data":{},"test_doc":0,"handle":{"key":"notebook/Streams-DatabaseSample_dkxuyqL5l.ipynb","upload_id":"done","max_part_num":1},"usage":{"access_count":0,"last_accessor_id":"icp4d-dev","last_access_time":1583324076326}}]}