{"metadata":{"asset_id":"1655750e-4ada-43d6-ae07-79bf05acee53","asset_attributes":["notebook"],"name":"Streams-DatabaseSample","asset_type":"notebook","created_at":"2021-01-22T01:04:38Z","description":"","origin_country":"us","owner_id":"1000330999","project_id":"e45415f5-e608-4850-9f43-8a85b3a41505","size":70148,"tags":["notebook"],"usage":{"last_update_time":1611277478399,"last_updated_at":"2021-01-22T01:04:38Z"}},"entity":{"notebook":{"kernel":"","originates_from":{"type":"file"},"runtime":{"environment":"jupconda36-e45415f5-e608-4850-9f43-8a85b3a41505"}}},"attachments":[{"id":"76d3215c-9be5-47bd-a5e2-0bf5ddb7a2fb","version":2,"asset_type":"notebook","name":"attachment for notebook 1655750e-4ada-43d6-ae07-79bf05acee53","description":"attachment for notebook 1655750e-4ada-43d6-ae07-79bf05acee53","mime":"application/json","datasource_type":"81bafdbd-b7c6-45c5-a4fd-6ec135f66f4e","object_key":"notebook/Streams-DatabaseSample_8lFM87vBu.ipynb","creator_id":"1000330999","create_time":1611277478398,"size":70148,"is_remote":false,"is_managed":false,"is_referenced":true,"is_object_key_read_only":false,"is_user_provided_path_key":true,"transfer_complete":true,"is_partitioned":false,"complete_time_ticks":1611277478398,"user_data":{},"test_doc":0,"handle":{"key":"notebook/Streams-DatabaseSample_8lFM87vBu.ipynb","upload_id":"done","max_part_num":1},"usage":{"access_count":0,"last_accessor_id":"1000330999","last_access_time":1611277478398}}]}