{"metadata":{"asset_id":"01c96349-d07b-4e04-bfd0-2ba9ac441e11","asset_attributes":["notebook"],"name":"Streams-KafkaParallelSample","asset_type":"notebook","created_at":"2020-02-27T08:19:51Z","description":"","origin_country":"us","owner_id":"1000330999","project_id":"f61b7622-fcd9-4891-8c15-e8d6e76013ff","sandbox_id":"f61b7622-fcd9-4891-8c15-e8d6e76013ff","size":30768,"tags":["notebook"],"usage":{"last_update_time":1582791634240,"last_updated_at":"2020-02-27T08:20:34Z"}},"entity":{"notebook":{"kernel":{"name":"python3","display_name":"Python 3.6 + WML CE 1.6.2","language":"python"},"originates_from":{"url":"https://raw.githubusercontent.com/IBMStreams/sample.starter_notebooks/CP4D-2.5.0.0/Streams-KafkaParallelSample.ipynb","type":"url"},"runtime":{"environment":"jupconda36-f61b7622-fcd9-4891-8c15-e8d6e76013ff"}}},"attachments":[{"id":"8c0c10d2-cbbc-4a0c-a69a-bc5bd028faed","version":2,"asset_type":"notebook","name":"attachment for notebook 01c96349-d07b-4e04-bfd0-2ba9ac441e11","description":"attachment for notebook 01c96349-d07b-4e04-bfd0-2ba9ac441e11","mime":"application/json","object_key":"notebook/Streams-KafkaParallelSample_fDbW_ipDP.ipynb","create_time":1582791591958,"size":30768,"is_remote":false,"is_managed":false,"is_referenced":true,"is_object_key_read_only":false,"is_user_provided_path_key":true,"transfer_complete":true,"is_partitioned":false,"complete_time_ticks":1582791591958,"user_data":{},"test_doc":0,"handle":{"key":"notebook/Streams-KafkaParallelSample_fDbW_ipDP.ipynb","upload_id":"done","max_part_num":1},"usage":{"access_count":0,"last_accessor_id":"1000330999","last_access_time":1582791591958}}]}