{"metadata":{"asset_id":"5a40089b-4100-4478-8136-d17ca4f560b1","asset_attributes":["notebook"],"name":"Streams-SPLToolkitsTutorial","asset_type":"notebook","created_at":"2020-02-27T08:22:06Z","description":"","origin_country":"us","owner_id":"1000330999","project_id":"f61b7622-fcd9-4891-8c15-e8d6e76013ff","sandbox_id":"f61b7622-fcd9-4891-8c15-e8d6e76013ff","size":26406,"tags":["notebook"],"usage":{"last_update_time":1582791727037,"last_updated_at":"2020-02-27T08:22:07Z"}},"entity":{"notebook":{"kernel":"","originates_from":{"url":"https://raw.githubusercontent.com/IBMStreams/sample.starter_notebooks/CP4D-2.5.0.0/Streams-SPLToolkitsTutorial.ipynb","type":"url"},"runtime":{"environment":"jupconda36-f61b7622-fcd9-4891-8c15-e8d6e76013ff"}}},"attachments":[{"id":"8d79170b-55c3-48f9-b300-164c6caa1fe3","version":2,"asset_type":"notebook","name":"attachment for notebook 5a40089b-4100-4478-8136-d17ca4f560b1","description":"attachment for notebook 5a40089b-4100-4478-8136-d17ca4f560b1","mime":"application/json","object_key":"notebook/Streams-SPLToolkitsTutorial_pld9g0BsK.ipynb","create_time":1582791727037,"size":26406,"is_remote":false,"is_managed":false,"is_referenced":true,"is_object_key_read_only":false,"is_user_provided_path_key":true,"transfer_complete":true,"is_partitioned":false,"complete_time_ticks":1582791727037,"user_data":{},"test_doc":0,"handle":{"key":"notebook/Streams-SPLToolkitsTutorial_pld9g0BsK.ipynb","upload_id":"done","max_part_num":1},"usage":{"access_count":0,"last_accessor_id":"1000330999","last_access_time":1582791727037}}]}