{"metadata":{"asset_id":"7e0d15ae-cf1c-44e2-836c-1ba72a7255c8","asset_attributes":["notebook"],"name":"Streams-PMMLScoringSample","asset_type":"notebook","created_at":"2020-02-27T08:20:50Z","description":"","origin_country":"us","owner_id":"1000330999","project_id":"f61b7622-fcd9-4891-8c15-e8d6e76013ff","sandbox_id":"f61b7622-fcd9-4891-8c15-e8d6e76013ff","size":108539,"tags":["notebook"],"usage":{"last_update_time":1582791652134,"last_updated_at":"2020-02-27T08:20:52Z"}},"entity":{"notebook":{"kernel":"","originates_from":{"url":"https://raw.githubusercontent.com/IBMStreams/sample.starter_notebooks/CP4D-2.5.0.0/Streams-PMMLScoringSample.ipynb","type":"url"},"runtime":{"environment":"jupconda36-f61b7622-fcd9-4891-8c15-e8d6e76013ff"}}},"attachments":[{"id":"e773e5d9-fa7d-4ce4-ba02-9050a72551c1","version":2,"asset_type":"notebook","name":"attachment for notebook 7e0d15ae-cf1c-44e2-836c-1ba72a7255c8","description":"attachment for notebook 7e0d15ae-cf1c-44e2-836c-1ba72a7255c8","mime":"application/json","object_key":"notebook/Streams-PMMLScoringSample_N7cdWwXLh.ipynb","create_time":1582791652133,"size":108539,"is_remote":false,"is_managed":false,"is_referenced":true,"is_object_key_read_only":false,"is_user_provided_path_key":true,"transfer_complete":true,"is_partitioned":false,"complete_time_ticks":1582791652133,"user_data":{},"test_doc":0,"handle":{"key":"notebook/Streams-PMMLScoringSample_N7cdWwXLh.ipynb","upload_id":"done","max_part_num":1},"usage":{"access_count":0,"last_accessor_id":"1000330999","last_access_time":1582791652133}}]}