{"metadata":{"asset_id":"e1bad86c-9652-42bb-9dfc-8cd605a51eaa","asset_attributes":["notebook"],"name":"Streams-DatabaseSample","asset_type":"notebook","created_at":"2020-02-28T13:57:49Z","description":"","origin_country":"us","owner_id":"1000330999","project_id":"31620edd-4797-4534-ad3a-01bd9682c3c2","sandbox_id":"31620edd-4797-4534-ad3a-01bd9682c3c2","size":15505,"tags":["notebook"],"usage":{"last_update_time":1582898407720,"last_updated_at":"2020-02-28T14:00:07Z"}},"entity":{"notebook":{"kernel":{"name":"python3","display_name":"Python 3.6 + WML CE 1.6.2","language":"python"},"originates_from":{"type":"file"},"runtime":{"environment":"jupconda36-31620edd-4797-4534-ad3a-01bd9682c3c2"}}},"attachments":[{"id":"8424b81c-40c1-4c6e-a175-6ca2f0b8d701","version":2,"asset_type":"notebook","name":"attachment for notebook e1bad86c-9652-42bb-9dfc-8cd605a51eaa","description":"attachment for notebook e1bad86c-9652-42bb-9dfc-8cd605a51eaa","mime":"application/json","object_key":"notebook/Streams-DatabaseSample_dkxuyqL5l.ipynb","create_time":1582898270359,"size":15505,"is_remote":false,"is_managed":false,"is_referenced":true,"is_object_key_read_only":false,"is_user_provided_path_key":true,"transfer_complete":true,"is_partitioned":false,"complete_time_ticks":1582898270359,"user_data":{},"test_doc":0,"handle":{"key":"notebook/Streams-DatabaseSample_dkxuyqL5l.ipynb","upload_id":"done","max_part_num":1},"usage":{"access_count":0,"last_accessor_id":"1000330999","last_access_time":1582898270359}}]}