{"metadata":{"asset_id":"b5fb4b19-87ef-433e-9a9f-0b5bbfb2cc80","asset_attributes":["notebook"],"name":"Streams-BasicSample","asset_type":"notebook","created_at":"2021-01-26T18:45:44Z","description":"","origin_country":"us","owner_id":"icp4d-dev","project_id":"763454a3-33fe-4803-a829-ad7e38f41ab4","size":62230,"tags":["notebook"],"usage":{"last_update_time":1611686744779,"last_updated_at":"2021-01-26T18:45:44Z"}},"entity":{"notebook":{"kernel":"","originates_from":{"type":"file"},"runtime":{"environment":"jupconda36-763454a3-33fe-4803-a829-ad7e38f41ab4"}}},"attachments":[{"id":"8ef390c8-d9dd-4a83-a206-0907d7edfb4c","version":2,"asset_type":"notebook","name":"attachment for notebook b5fb4b19-87ef-433e-9a9f-0b5bbfb2cc80","description":"attachment for notebook b5fb4b19-87ef-433e-9a9f-0b5bbfb2cc80","mime":"application/json","datasource_type":"81bafdbd-b7c6-45c5-a4fd-6ec135f66f4e","object_key":"notebook/Streams-BasicSample_uBUezcUGf.ipynb","creator_id":"1000330999","create_time":1611686744778,"size":62230,"is_remote":false,"is_managed":false,"is_referenced":true,"is_object_key_read_only":false,"is_user_provided_path_key":true,"transfer_complete":true,"is_partitioned":false,"complete_time_ticks":1611686744778,"user_data":{},"test_doc":0,"handle":{"key":"notebook/Streams-BasicSample_uBUezcUGf.ipynb","upload_id":"done","max_part_num":1},"usage":{"access_count":0,"last_accessor_id":"1000330999","last_access_time":1611686744778}}]}