{"metadata":{"asset_id":"25d313f9-0772-4bee-a9bd-8a4831dfee9f","asset_attributes":["notebook"],"name":"Streams-EventStoreSample","asset_type":"notebook","created_at":"2020-02-27T08:15:41Z","description":"","origin_country":"us","owner_id":"1000330999","project_id":"f61b7622-fcd9-4891-8c15-e8d6e76013ff","sandbox_id":"f61b7622-fcd9-4891-8c15-e8d6e76013ff","size":23574,"tags":["notebook"],"usage":{"last_update_time":1582791362722,"last_updated_at":"2020-02-27T08:16:02Z"}},"entity":{"notebook":{"kernel":{"name":"python3","display_name":"Python 3.6 + WML CE 1.6.2","language":"python"},"originates_from":{"url":"https://raw.githubusercontent.com/IBMStreams/sample.starter_notebooks/CP4D-2.5.0.0/Streams-EventStoreSample.ipynb","type":"url"},"runtime":{"environment":"jupconda36-f61b7622-fcd9-4891-8c15-e8d6e76013ff"}}},"attachments":[{"id":"51d08919-80a0-4371-983a-18c14acc1953","version":2,"asset_type":"notebook","name":"attachment for notebook 25d313f9-0772-4bee-a9bd-8a4831dfee9f","description":"attachment for notebook 25d313f9-0772-4bee-a9bd-8a4831dfee9f","mime":"application/json","object_key":"notebook/Streams-EventStoreSample_xvnMJVFug.ipynb","create_time":1582791342423,"size":23574,"is_remote":false,"is_managed":false,"is_referenced":true,"is_object_key_read_only":false,"is_user_provided_path_key":true,"transfer_complete":true,"is_partitioned":false,"complete_time_ticks":1582791342423,"user_data":{},"test_doc":0,"handle":{"key":"notebook/Streams-EventStoreSample_xvnMJVFug.ipynb","upload_id":"done","max_part_num":1},"usage":{"access_count":0,"last_accessor_id":"1000330999","last_access_time":1582791342423}}]}