{"metadata":{"asset_id":"029f9d0d-a993-42af-9f2d-b6e3047220ac","asset_attributes":["notebook"],"name":"Streams-EventStoreSample","asset_type":"notebook","created_at":"2020-10-30T09:51:53Z","description":"","origin_country":"us","owner_id":"1000330999","project_id":"7c73f7e0-0bcc-4657-a0d0-dadbf2fa4c79","size":72966,"tags":["notebook"],"usage":{"last_update_time":1604051514868,"last_updated_at":"2020-10-30T09:51:54Z"}},"entity":{"notebook":{"kernel":{"name":"python3","display_name":"Python 3.6","language":"python"},"originates_from":{"type":"file"},"runtime":{"environment":"jupconda36-7c73f7e0-0bcc-4657-a0d0-dadbf2fa4c79"}}},"attachments":[{"id":"50bb7c5a-4442-4574-9cb5-c57e0e4e6068","version":2,"asset_type":"notebook","name":"attachment for notebook 029f9d0d-a993-42af-9f2d-b6e3047220ac","description":"attachment for notebook 029f9d0d-a993-42af-9f2d-b6e3047220ac","mime":"application/json","datasource_type":"81bafdbd-b7c6-45c5-a4fd-6ec135f66f4e","object_key":"notebook/Streams-EventStoreSample_G8BKFZEN8.ipynb","creator_id":"icp4d-dev","create_time":1604051514084,"size":72966,"is_remote":false,"is_managed":false,"is_referenced":true,"is_object_key_read_only":false,"is_user_provided_path_key":true,"transfer_complete":true,"is_partitioned":false,"complete_time_ticks":1604051514084,"user_data":{},"test_doc":0,"handle":{"key":"notebook/Streams-EventStoreSample_G8BKFZEN8.ipynb","upload_id":"done","max_part_num":1},"usage":{"access_count":0,"last_accessor_id":"icp4d-dev","last_access_time":1604051514084}}]}