{"metadata":{"asset_id":"c588b4b0-3398-4dc1-9ea2-62053dcf758d","asset_attributes":["notebook"],"name":"Streams-DatabaseSample","asset_type":"notebook","created_at":"2020-06-24T07:00:43Z","description":"","origin_country":"us","owner_id":"1000330999","project_id":"1b00096d-ce29-4cca-9415-11601eae2578","sandbox_id":"1b00096d-ce29-4cca-9415-11601eae2578","size":14765,"tags":["notebook"],"usage":{"last_update_time":1592982043809,"last_updated_at":"2020-06-24T07:00:43Z"}},"entity":{"notebook":{"kernel":"","originates_from":{"type":"file"},"runtime":{"environment":"jupconda36-1b00096d-ce29-4cca-9415-11601eae2578"}}},"attachments":[{"id":"80545d29-5d35-4e88-9f28-cc7032ea91f5","version":2,"asset_type":"notebook","name":"attachment for notebook c588b4b0-3398-4dc1-9ea2-62053dcf758d","description":"attachment for notebook c588b4b0-3398-4dc1-9ea2-62053dcf758d","mime":"application/json","object_key":"notebook/Streams-DatabaseSample_lscoAsc05.ipynb","create_time":1592982043805,"size":14765,"is_remote":false,"is_managed":false,"is_referenced":true,"is_object_key_read_only":false,"is_user_provided_path_key":true,"transfer_complete":true,"is_partitioned":false,"complete_time_ticks":1592982043805,"user_data":{},"test_doc":0,"handle":{"key":"notebook/Streams-DatabaseSample_lscoAsc05.ipynb","upload_id":"done","max_part_num":1},"usage":{"access_count":0,"last_accessor_id":"1000330999","last_access_time":1592982043805}}]}