{"metadata":{"asset_id":"3a6187d0-8163-489f-b42a-f58abb9a7529","asset_attributes":["notebook"],"name":"Streams-HbaseSample","asset_type":"notebook","created_at":"2020-04-07T15:09:48Z","description":"","origin_country":"us","owner_id":"1000330999","project_id":"49b9e14a-c1b7-4cdd-ba29-b00ad9061905","sandbox_id":"49b9e14a-c1b7-4cdd-ba29-b00ad9061905","size":13546,"tags":["notebook"],"usage":{"last_update_time":1586272250192,"last_updated_at":"2020-04-07T15:10:50Z"}},"entity":{"notebook":{"kernel":{"name":"python3","display_name":"Python 3.6","language":"python"},"originates_from":{"url":"https://raw.githubusercontent.com/IBMStreams/sample.starter_notebooks/CP4D-3.0.0.0/Streams-HbaseSample.ipynb","type":"url"},"runtime":{"environment":"jupconda36-49b9e14a-c1b7-4cdd-ba29-b00ad9061905"}}},"attachments":[{"id":"8ebf741a-b6e7-4359-b948-1e3dc9bb900f","version":2,"asset_type":"notebook","name":"attachment for notebook 3a6187d0-8163-489f-b42a-f58abb9a7529","description":"attachment for notebook 3a6187d0-8163-489f-b42a-f58abb9a7529","mime":"application/json","object_key":"notebook/Streams-HbaseSample_Wzu1C44MS.ipynb","create_time":1586272188963,"size":13546,"is_remote":false,"is_managed":false,"is_referenced":true,"is_object_key_read_only":false,"is_user_provided_path_key":true,"transfer_complete":true,"is_partitioned":false,"complete_time_ticks":1586272188963,"user_data":{},"test_doc":0,"handle":{"key":"notebook/Streams-HbaseSample_Wzu1C44MS.ipynb","upload_id":"done","max_part_num":1},"usage":{"access_count":0,"last_accessor_id":"1000330999","last_access_time":1586272188963}}]}