{"metadata":{"asset_id":"a7384ff8-7ac6-4f8a-ba9f-22bca32bdc66","asset_attributes":["notebook"],"name":"Streams-SPLToolkitsTutorial","asset_type":"notebook","created_at":"2020-11-09T12:11:57Z","description":"","origin_country":"us","owner_id":"1000330999","project_id":"7c73f7e0-0bcc-4657-a0d0-dadbf2fa4c79","size":75594,"tags":["notebook"],"usage":{"last_update_time":1604925524478,"last_updated_at":"2020-11-09T12:38:44Z"}},"entity":{"notebook":{"kernel":{"name":"python3","display_name":"Python 3.6","language":"python"},"originates_from":{"type":"file"},"runtime":{"environment":"jupconda36-7c73f7e0-0bcc-4657-a0d0-dadbf2fa4c79"}}},"attachments":[{"id":"fbaeb825-7d07-4617-9d9c-4811ec092e8b","version":2,"asset_type":"notebook","name":"attachment for notebook a7384ff8-7ac6-4f8a-ba9f-22bca32bdc66","description":"attachment for notebook a7384ff8-7ac6-4f8a-ba9f-22bca32bdc66","mime":"application/json","datasource_type":"81bafdbd-b7c6-45c5-a4fd-6ec135f66f4e","object_key":"notebook/Streams-SPLToolkitsTutorial_j55KJqETQ.ipynb","creator_id":"1000330999","create_time":1604923918299,"size":75594,"is_remote":false,"is_managed":false,"is_referenced":true,"is_object_key_read_only":false,"is_user_provided_path_key":true,"transfer_complete":true,"is_partitioned":false,"complete_time_ticks":1604923918299,"user_data":{},"test_doc":0,"handle":{"key":"notebook/Streams-SPLToolkitsTutorial_j55KJqETQ.ipynb","upload_id":"done","max_part_num":1},"usage":{"access_count":0,"last_accessor_id":"1000330999","last_access_time":1604923918299}}]}