{"metadata":{"asset_id":"f216394e-50a8-468f-8509-6038a886d7f6","asset_attributes":["notebook"],"name":"Streams-KafkaParallelSample","asset_type":"notebook","created_at":"2020-10-30T09:51:53Z","description":"","origin_country":"us","owner_id":"1000330999","project_id":"7c73f7e0-0bcc-4657-a0d0-dadbf2fa4c79","size":80387,"tags":["notebook"],"usage":{"last_update_time":1604051515078,"last_updated_at":"2020-10-30T09:51:55Z"}},"entity":{"notebook":{"kernel":{"name":"python3","display_name":"Python 3.6","language":"python"},"originates_from":{"type":"file"},"runtime":{"environment":"jupconda36-7c73f7e0-0bcc-4657-a0d0-dadbf2fa4c79"}}},"attachments":[{"id":"9182f16d-a9c3-479a-9a5d-f7e7b30b7941","version":2,"asset_type":"notebook","name":"attachment for notebook f216394e-50a8-468f-8509-6038a886d7f6","description":"attachment for notebook f216394e-50a8-468f-8509-6038a886d7f6","mime":"application/json","datasource_type":"81bafdbd-b7c6-45c5-a4fd-6ec135f66f4e","object_key":"notebook/Streams-KafkaParallelSample_CnYVNgMh_.ipynb","creator_id":"icp4d-dev","create_time":1604051514579,"size":80387,"is_remote":false,"is_managed":false,"is_referenced":true,"is_object_key_read_only":false,"is_user_provided_path_key":true,"transfer_complete":true,"is_partitioned":false,"complete_time_ticks":1604051514579,"user_data":{},"test_doc":0,"handle":{"key":"notebook/Streams-KafkaParallelSample_CnYVNgMh_.ipynb","upload_id":"done","max_part_num":1},"usage":{"access_count":0,"last_accessor_id":"icp4d-dev","last_access_time":1604051514579}}]}