{"metadata":{"asset_id":"96bdd5fb-811a-4626-9e36-bb38b3c51c90","asset_attributes":["notebook"],"name":"Streams-SPLToolkitsTutorial","asset_type":"notebook","created_at":"2020-04-06T10:33:30Z","description":"","origin_country":"us","owner_id":"1000330999","project_id":"49b9e14a-c1b7-4cdd-ba29-b00ad9061905","sandbox_id":"49b9e14a-c1b7-4cdd-ba29-b00ad9061905","size":24834,"tags":["notebook"],"usage":{"last_update_time":1586187955681,"last_updated_at":"2020-04-06T15:45:55Z"}},"entity":{"notebook":{"kernel":{"name":"python3","display_name":"Python 3.6","language":"python"},"originates_from":{"url":"https://raw.githubusercontent.com/IBMStreams/sample.starter_notebooks/CP4D-3.0.0.0/Streams-SPLToolkitsTutorial.ipynb","type":"url"},"runtime":{"environment":"jupconda36-49b9e14a-c1b7-4cdd-ba29-b00ad9061905"}}},"attachments":[{"id":"18d5b3d5-f55c-4e6e-b2e9-ca22a7e238b9","version":2,"asset_type":"notebook","name":"attachment for notebook 96bdd5fb-811a-4626-9e36-bb38b3c51c90","description":"attachment for notebook 96bdd5fb-811a-4626-9e36-bb38b3c51c90","mime":"application/json","object_key":"notebook/Streams-SPLToolkitsTutorial_uKppY_5dJ.ipynb","create_time":1586169210946,"size":24834,"is_remote":false,"is_managed":false,"is_referenced":true,"is_object_key_read_only":false,"is_user_provided_path_key":true,"transfer_complete":true,"is_partitioned":false,"complete_time_ticks":1586169210946,"user_data":{},"test_doc":0,"handle":{"key":"notebook/Streams-SPLToolkitsTutorial_uKppY_5dJ.ipynb","upload_id":"done","max_part_num":1},"usage":{"access_count":0,"last_accessor_id":"1000330999","last_access_time":1586169210946}}]}