{"metadata":{"asset_id":"7c0312ab-edaf-4a24-ab28-9d8cdb5535ab","asset_attributes":["notebook"],"name":"Streams-BasicSample","asset_type":"notebook","created_at":"2020-04-06T11:12:37Z","description":"","origin_country":"us","owner_id":"1000330999","project_id":"49b9e14a-c1b7-4cdd-ba29-b00ad9061905","sandbox_id":"49b9e14a-c1b7-4cdd-ba29-b00ad9061905","size":8905,"tags":["notebook"],"usage":{"last_update_time":1586191157411,"last_updated_at":"2020-04-06T16:39:17Z"}},"entity":{"notebook":{"kernel":{"name":"python3","display_name":"Python 3.6","language":"python"},"originates_from":{"url":"https://raw.githubusercontent.com/IBMStreams/sample.starter_notebooks/develop/Streams-BasicSample.ipynb","type":"url"},"runtime":{"environment":"jupconda36-49b9e14a-c1b7-4cdd-ba29-b00ad9061905"}}},"attachments":[{"id":"7ac54a05-ab0b-43ba-90ba-079ed467486d","version":2,"asset_type":"notebook","name":"attachment for notebook 7c0312ab-edaf-4a24-ab28-9d8cdb5535ab","description":"attachment for notebook 7c0312ab-edaf-4a24-ab28-9d8cdb5535ab","mime":"application/json","object_key":"notebook/Streams-BasicSample_vGijrjthK.ipynb","create_time":1586171559243,"size":8905,"is_remote":false,"is_managed":false,"is_referenced":true,"is_object_key_read_only":false,"is_user_provided_path_key":true,"transfer_complete":true,"is_partitioned":false,"complete_time_ticks":1586171559243,"user_data":{},"test_doc":0,"handle":{"key":"notebook/Streams-BasicSample_vGijrjthK.ipynb","upload_id":"done","max_part_num":1},"usage":{"access_count":0,"last_accessor_id":"1000330999","last_access_time":1586171559243}}]}