{"metadata":{"asset_id":"4f6da652-a4b1-4090-bcdc-f10c2d9e1f98","asset_attributes":["notebook"],"name":"Streams-HbaseSample","asset_type":"notebook","created_at":"2021-01-26T18:45:44Z","description":"","origin_country":"us","owner_id":"icp4d-dev","project_id":"763454a3-33fe-4803-a829-ad7e38f41ab4","size":68104,"tags":["notebook"],"usage":{"last_update_time":1611695707581,"last_updated_at":"2021-01-26T21:15:07Z"}},"entity":{"notebook":{"kernel":{"name":"python3","display_name":"Python 3.6","language":"python"},"originates_from":{"type":"file"},"runtime":{"environment":"jupconda36-763454a3-33fe-4803-a829-ad7e38f41ab4"}}},"attachments":[{"id":"70396ce2-1b5f-4b1c-a395-9dedd95e5808","version":2,"asset_type":"notebook","name":"attachment for notebook 4f6da652-a4b1-4090-bcdc-f10c2d9e1f98","description":"attachment for notebook 4f6da652-a4b1-4090-bcdc-f10c2d9e1f98","mime":"application/json","datasource_type":"81bafdbd-b7c6-45c5-a4fd-6ec135f66f4e","object_key":"notebook/Streams-HbaseSample_oETjOf0v8.ipynb","creator_id":"1000330999","create_time":1611686744208,"size":68104,"is_remote":false,"is_managed":false,"is_referenced":true,"is_object_key_read_only":false,"is_user_provided_path_key":true,"transfer_complete":true,"is_partitioned":false,"complete_time_ticks":1611686744208,"user_data":{},"test_doc":0,"handle":{"key":"notebook/Streams-HbaseSample_oETjOf0v8.ipynb","upload_id":"done","max_part_num":1},"usage":{"access_count":0,"last_accessor_id":"1000330999","last_access_time":1611686744208}}]}