{"metadata":{"asset_id":"d851e7b0-4722-419d-9ecb-2941b2ae99ec","asset_attributes":["notebook"],"name":"Streams-EventStoreSample","asset_type":"notebook","created_at":"2020-06-24T07:01:25Z","description":"","origin_country":"us","owner_id":"1000330999","project_id":"1b00096d-ce29-4cca-9415-11601eae2578","sandbox_id":"1b00096d-ce29-4cca-9415-11601eae2578","size":19575,"tags":["notebook"],"usage":{"last_update_time":1592982116916,"last_updated_at":"2020-06-24T07:01:56Z"}},"entity":{"notebook":{"kernel":{"name":"python3","display_name":"Python 3.6","language":"python"},"originates_from":{"type":"file"},"runtime":{"environment":"jupconda36-1b00096d-ce29-4cca-9415-11601eae2578"}}},"attachments":[{"id":"71a4ed1d-e196-43ad-bfbe-e3e1d7dc9a5d","version":2,"asset_type":"notebook","name":"attachment for notebook d851e7b0-4722-419d-9ecb-2941b2ae99ec","description":"attachment for notebook d851e7b0-4722-419d-9ecb-2941b2ae99ec","mime":"application/json","object_key":"notebook/Streams-EventStoreSample_G8BKFZEN8.ipynb","create_time":1592982085815,"size":19575,"is_remote":false,"is_managed":false,"is_referenced":true,"is_object_key_read_only":false,"is_user_provided_path_key":true,"transfer_complete":true,"is_partitioned":false,"complete_time_ticks":1592982085815,"user_data":{},"test_doc":0,"handle":{"key":"notebook/Streams-EventStoreSample_G8BKFZEN8.ipynb","upload_id":"done","max_part_num":1},"usage":{"access_count":0,"last_accessor_id":"1000330999","last_access_time":1592982085815}}]}