{"metadata":{"asset_id":"2f2ff25f-8446-4f6f-84ed-d0e55fd5c3ac","asset_attributes":["notebook"],"name":"Streams-HbaseSample","asset_type":"notebook","created_at":"2020-02-27T08:17:47Z","description":"","origin_country":"us","owner_id":"1000330999","project_id":"f61b7622-fcd9-4891-8c15-e8d6e76013ff","sandbox_id":"f61b7622-fcd9-4891-8c15-e8d6e76013ff","size":15032,"tags":["notebook"],"usage":{"last_update_time":1582791468943,"last_updated_at":"2020-02-27T08:17:48Z"}},"entity":{"notebook":{"kernel":"","originates_from":{"url":"https://raw.githubusercontent.com/IBMStreams/sample.starter_notebooks/CP4D-2.5.0.0/Streams-HbaseSample.ipynb","type":"url"},"runtime":{"environment":"jupconda36-f61b7622-fcd9-4891-8c15-e8d6e76013ff"}}},"attachments":[{"id":"76b9af8a-1130-4a79-b19e-42f11893aba1","version":2,"asset_type":"notebook","name":"attachment for notebook 2f2ff25f-8446-4f6f-84ed-d0e55fd5c3ac","description":"attachment for notebook 2f2ff25f-8446-4f6f-84ed-d0e55fd5c3ac","mime":"application/json","object_key":"notebook/Streams-HbaseSample_pUSvQPvk_.ipynb","create_time":1582791468942,"size":15032,"is_remote":false,"is_managed":false,"is_referenced":true,"is_object_key_read_only":false,"is_user_provided_path_key":true,"transfer_complete":true,"is_partitioned":false,"complete_time_ticks":1582791468942,"user_data":{},"test_doc":0,"handle":{"key":"notebook/Streams-HbaseSample_pUSvQPvk_.ipynb","upload_id":"done","max_part_num":1},"usage":{"access_count":0,"last_accessor_id":"1000330999","last_access_time":1582791468942}}]}