{"metadata":{"asset_id":"6936bc7f-20fc-432f-baff-1cfe053e1efd","asset_attributes":["notebook"],"name":"Streams-CPD-WMLScoringSample","asset_type":"notebook","created_at":"2021-01-21T16:24:17Z","description":"","origin_country":"us","owner_id":"icp4d-dev","project_id":"9b15a5b5-16ed-4f4d-9564-dacb64b99bd1","size":95259,"tags":["notebook"],"usage":{"last_update_time":1611260291280,"last_updated_at":"2021-01-21T20:18:11Z"}},"entity":{"notebook":{"kernel":{"name":"python3","display_name":"Python 3.6","language":"python"},"originates_from":{"type":"file"},"runtime":{"environment":"jupconda36-9b15a5b5-16ed-4f4d-9564-dacb64b99bd1"}}},"attachments":[{"id":"2d4d332c-77a0-474d-aa9d-836477006af1","version":2,"asset_type":"notebook","name":"attachment for notebook 6936bc7f-20fc-432f-baff-1cfe053e1efd","description":"attachment for notebook 6936bc7f-20fc-432f-baff-1cfe053e1efd","mime":"application/json","datasource_type":"81bafdbd-b7c6-45c5-a4fd-6ec135f66f4e","object_key":"notebook/Streams-CPD-WMLScoringSample_knQWrMDC2.ipynb","creator_id":"1000330999","create_time":1611246257466,"size":95259,"is_remote":false,"is_managed":false,"is_referenced":true,"is_object_key_read_only":false,"is_user_provided_path_key":true,"transfer_complete":true,"is_partitioned":false,"complete_time_ticks":1611246257466,"user_data":{},"test_doc":0,"handle":{"key":"notebook/Streams-CPD-WMLScoringSample_knQWrMDC2.ipynb","upload_id":"done","max_part_num":1},"usage":{"access_count":0,"last_accessor_id":"1000330999","last_access_time":1611246257466}}]}