{"metadata":{"asset_id":"4f0a67ae-681b-40f8-a8ed-b88e94b126ef","asset_attributes":["notebook"],"name":"Streams-RollingAverageSample","asset_type":"notebook","created_at":"2020-11-09T12:46:21Z","description":"","origin_country":"us","owner_id":"icp4d-dev","project_id":"2a10cd8d-6968-4888-a7bd-2b7384c27f7a","size":74139,"tags":["notebook"],"usage":{"last_update_time":1604925981978,"last_updated_at":"2020-11-09T12:46:21Z"}},"entity":{"notebook":{"kernel":{"name":"python3","display_name":"Python 3.6","language":"python"},"originates_from":{"type":"file"},"runtime":{"environment":"jupconda36-2a10cd8d-6968-4888-a7bd-2b7384c27f7a"}}},"attachments":[{"id":"51ab09cf-3a5b-4171-a806-fba0f68e802a","version":2,"asset_type":"notebook","name":"attachment for notebook 4f0a67ae-681b-40f8-a8ed-b88e94b126ef","description":"attachment for notebook 4f0a67ae-681b-40f8-a8ed-b88e94b126ef","mime":"application/json","datasource_type":"81bafdbd-b7c6-45c5-a4fd-6ec135f66f4e","object_key":"notebook/Streams-RollingAverageSample_uhQPg8OSJ.ipynb","creator_id":"1000330999","create_time":1604925981977,"size":74139,"is_remote":false,"is_managed":false,"is_referenced":true,"is_object_key_read_only":false,"is_user_provided_path_key":true,"transfer_complete":true,"is_partitioned":false,"complete_time_ticks":1604925981977,"user_data":{},"test_doc":0,"handle":{"key":"notebook/Streams-RollingAverageSample_uhQPg8OSJ.ipynb","upload_id":"done","max_part_num":1},"usage":{"access_count":0,"last_accessor_id":"1000330999","last_access_time":1604925981977}}]}