{"metadata":{"asset_id":"435ce9b1-b151-4912-9303-39f152e60ca8","asset_attributes":["notebook"],"name":"Streams-CPD-WMLScoringSample","asset_type":"notebook","created_at":"2020-04-07T15:03:45Z","description":"","origin_country":"us","owner_id":"1000330999","project_id":"49b9e14a-c1b7-4cdd-ba29-b00ad9061905","sandbox_id":"49b9e14a-c1b7-4cdd-ba29-b00ad9061905","size":41842,"tags":["notebook"],"usage":{"last_update_time":1586272077714,"last_updated_at":"2020-04-07T15:07:57Z"}},"entity":{"notebook":{"kernel":{"name":"python3","display_name":"Python 3.6","language":"python"},"originates_from":{"url":"https://raw.githubusercontent.com/IBMStreams/sample.starter_notebooks/CP4D-3.0.0.0/Streams-CPD-WMLScoringSample.ipynb","type":"url"},"runtime":{"environment":"jupconda36-49b9e14a-c1b7-4cdd-ba29-b00ad9061905"}}},"attachments":[{"id":"1777a48f-dd1b-4d09-8eb6-a76e29e245ee","version":2,"asset_type":"notebook","name":"attachment for notebook 435ce9b1-b151-4912-9303-39f152e60ca8","description":"attachment for notebook 435ce9b1-b151-4912-9303-39f152e60ca8","mime":"application/json","object_key":"notebook/Streams-CPD-WMLScoringSample_0F8IgtIv1.ipynb","create_time":1586271825881,"size":41842,"is_remote":false,"is_managed":false,"is_referenced":true,"is_object_key_read_only":false,"is_user_provided_path_key":true,"transfer_complete":true,"is_partitioned":false,"complete_time_ticks":1586271825881,"user_data":{},"test_doc":0,"handle":{"key":"notebook/Streams-CPD-WMLScoringSample_0F8IgtIv1.ipynb","upload_id":"done","max_part_num":1},"usage":{"access_count":0,"last_accessor_id":"1000330999","last_access_time":1586271825881}}]}