{"metadata":{"asset_id":"c98e7df3-e80a-4f12-8cf8-fdda248eb06b","asset_attributes":["notebook"],"name":"Streams-RollingAverageSample","asset_type":"notebook","created_at":"2020-04-07T15:14:32Z","description":"","origin_country":"us","owner_id":"1000330999","project_id":"49b9e14a-c1b7-4cdd-ba29-b00ad9061905","sandbox_id":"49b9e14a-c1b7-4cdd-ba29-b00ad9061905","size":21358,"tags":["notebook"],"usage":{"last_update_time":1586272562167,"last_updated_at":"2020-04-07T15:16:02Z"}},"entity":{"notebook":{"kernel":{"name":"python3","display_name":"Python 3.6","language":"python"},"originates_from":{"url":"https://raw.githubusercontent.com/IBMStreams/sample.starter_notebooks/CP4D-3.0.0.0/Streams-RollingAverageSample.ipynb","type":"url"},"runtime":{"environment":"jupconda36-49b9e14a-c1b7-4cdd-ba29-b00ad9061905"}}},"attachments":[{"id":"5a35fb40-8475-4e47-9933-b89af841f1b7","version":2,"asset_type":"notebook","name":"attachment for notebook c98e7df3-e80a-4f12-8cf8-fdda248eb06b","description":"attachment for notebook c98e7df3-e80a-4f12-8cf8-fdda248eb06b","mime":"application/json","object_key":"notebook/Streams-RollingAverageSample_zA-i3AV6f.ipynb","create_time":1586272473735,"size":21358,"is_remote":false,"is_managed":false,"is_referenced":true,"is_object_key_read_only":false,"is_user_provided_path_key":true,"transfer_complete":true,"is_partitioned":false,"complete_time_ticks":1586272473735,"user_data":{},"test_doc":0,"handle":{"key":"notebook/Streams-RollingAverageSample_zA-i3AV6f.ipynb","upload_id":"done","max_part_num":1},"usage":{"access_count":0,"last_accessor_id":"1000330999","last_access_time":1586272473735}}]}