{"metadata":{"asset_id":"1c4f6750-af8b-4acc-b3ae-b5de6a2fae91","asset_attributes":["notebook"],"name":"Streams-KafkaParallelSample","asset_type":"notebook","created_at":"2020-06-24T07:05:51Z","description":"","origin_country":"us","owner_id":"1000330999","project_id":"1b00096d-ce29-4cca-9415-11601eae2578","sandbox_id":"1b00096d-ce29-4cca-9415-11601eae2578","size":27137,"tags":["notebook"],"usage":{"last_update_time":1597999155114,"last_updated_at":"2020-08-21T08:39:15Z"}},"entity":{"notebook":{"kernel":{"name":"python3","display_name":"Python 3.6","language":"python"},"originates_from":{"type":"file"},"runtime":{"environment":"jupconda36-1b00096d-ce29-4cca-9415-11601eae2578"}}},"attachments":[{"id":"a204cc38-65ca-4b7c-aa38-9966825e228d","version":2,"asset_type":"notebook","name":"attachment for notebook 1c4f6750-af8b-4acc-b3ae-b5de6a2fae91","description":"attachment for notebook 1c4f6750-af8b-4acc-b3ae-b5de6a2fae91","mime":"application/json","object_key":"notebook/Streams-KafkaParallelSample_CnYVNgMh_.ipynb","create_time":1592982352968,"size":27137,"is_remote":false,"is_managed":false,"is_referenced":true,"is_object_key_read_only":false,"is_user_provided_path_key":true,"transfer_complete":true,"is_partitioned":false,"complete_time_ticks":1592982352968,"user_data":{},"test_doc":0,"handle":{"key":"notebook/Streams-KafkaParallelSample_CnYVNgMh_.ipynb","upload_id":"done","max_part_num":1},"usage":{"access_count":0,"last_accessor_id":"1000330999","last_access_time":1592982352968}}]}