{"metadata":{"asset_id":"66c9880e-4751-4a6a-bd71-b09ecd63dd19","asset_attributes":["notebook"],"name":"Streams-TimeseriesForecast","asset_type":"notebook","created_at":"2021-01-22T01:07:25Z","description":"","origin_country":"us","owner_id":"1000330999","project_id":"e45415f5-e608-4850-9f43-8a85b3a41505","size":84668,"tags":["notebook"],"usage":{"last_update_time":1611277778502,"last_updated_at":"2021-01-22T01:09:38Z"}},"entity":{"notebook":{"kernel":{"name":"python3","display_name":"Python 3.6","language":"python"},"originates_from":{"type":"file"},"runtime":{"environment":"jupconda36-e45415f5-e608-4850-9f43-8a85b3a41505"}}},"attachments":[{"id":"2b5f0ca6-d8a2-4566-8583-aa9ea477ea38","version":2,"asset_type":"notebook","name":"attachment for notebook 66c9880e-4751-4a6a-bd71-b09ecd63dd19","description":"attachment for notebook 66c9880e-4751-4a6a-bd71-b09ecd63dd19","mime":"application/json","datasource_type":"81bafdbd-b7c6-45c5-a4fd-6ec135f66f4e","object_key":"notebook/Streams-TimeseriesForecast_zwKeGcF1x.ipynb","creator_id":"1000330999","create_time":1611277645421,"size":84668,"is_remote":false,"is_managed":false,"is_referenced":true,"is_object_key_read_only":false,"is_user_provided_path_key":true,"transfer_complete":true,"is_partitioned":false,"complete_time_ticks":1611277645421,"user_data":{},"test_doc":0,"handle":{"key":"notebook/Streams-TimeseriesForecast_zwKeGcF1x.ipynb","upload_id":"done","max_part_num":1},"usage":{"access_count":0,"last_accessor_id":"1000330999","last_access_time":1611277645421}}]}