{"metadata":{"asset_id":"72d2fb93-b383-4251-84f3-429cc5c01bf5","asset_attributes":["notebook"],"name":"Streams-TimeseriesForecast","asset_type":"notebook","created_at":"2021-01-26T18:45:43Z","description":"","origin_country":"us","owner_id":"icp4d-dev","project_id":"763454a3-33fe-4803-a829-ad7e38f41ab4","size":83710,"tags":["notebook"],"usage":{"last_update_time":1611686744130,"last_updated_at":"2021-01-26T18:45:44Z"}},"entity":{"notebook":{"kernel":{"name":"python3","display_name":"Python 3.6","language":"python"},"originates_from":{"type":"file"},"runtime":{"environment":"jupconda36-763454a3-33fe-4803-a829-ad7e38f41ab4"}}},"attachments":[{"id":"41b6ae3a-6b91-4e3d-8357-f8be52d9cd74","version":2,"asset_type":"notebook","name":"attachment for notebook 72d2fb93-b383-4251-84f3-429cc5c01bf5","description":"attachment for notebook 72d2fb93-b383-4251-84f3-429cc5c01bf5","mime":"application/json","datasource_type":"81bafdbd-b7c6-45c5-a4fd-6ec135f66f4e","object_key":"notebook/Streams-TimeseriesForecast_zwKeGcF1x.ipynb","creator_id":"1000330999","create_time":1611686744129,"size":83710,"is_remote":false,"is_managed":false,"is_referenced":true,"is_object_key_read_only":false,"is_user_provided_path_key":true,"transfer_complete":true,"is_partitioned":false,"complete_time_ticks":1611686744129,"user_data":{},"test_doc":0,"handle":{"key":"notebook/Streams-TimeseriesForecast_zwKeGcF1x.ipynb","upload_id":"done","max_part_num":1},"usage":{"access_count":0,"last_accessor_id":"1000330999","last_access_time":1611686744129}}]}