{"metadata":{"asset_id":"85b08d89-2ba0-40a6-9d48-56d9f8117bf0","asset_attributes":["notebook"],"name":"Streams-HbaseSample","asset_type":"notebook","created_at":"2020-02-28T14:06:45Z","description":"","origin_country":"us","owner_id":"1000330999","project_id":"31620edd-4797-4534-ad3a-01bd9682c3c2","sandbox_id":"31620edd-4797-4534-ad3a-01bd9682c3c2","size":13004,"tags":["notebook"],"usage":{"last_update_time":1582899060020,"last_updated_at":"2020-02-28T14:11:00Z"}},"entity":{"notebook":{"kernel":{"name":"python3","display_name":"Python 3.6 + WML CE 1.6.2","language":"python"},"originates_from":{"type":"file"},"runtime":{"environment":"jupconda36-31620edd-4797-4534-ad3a-01bd9682c3c2"}}},"attachments":[{"id":"78ea6072-d98e-409c-8588-72a6bd804a4c","version":2,"asset_type":"notebook","name":"attachment for notebook 85b08d89-2ba0-40a6-9d48-56d9f8117bf0","description":"attachment for notebook 85b08d89-2ba0-40a6-9d48-56d9f8117bf0","mime":"application/json","object_key":"notebook/Streams-HbaseSample_3zKZnf5MO.ipynb","create_time":1582898806472,"size":13004,"is_remote":false,"is_managed":false,"is_referenced":true,"is_object_key_read_only":false,"is_user_provided_path_key":true,"transfer_complete":true,"is_partitioned":false,"complete_time_ticks":1582898806472,"user_data":{},"test_doc":0,"handle":{"key":"notebook/Streams-HbaseSample_3zKZnf5MO.ipynb","upload_id":"done","max_part_num":1},"usage":{"access_count":0,"last_accessor_id":"1000330999","last_access_time":1582898806472}}]}