{"metadata":{"asset_id":"4e866bbc-cc90-457b-8a7a-a58360cbf1bb","asset_attributes":["notebook"],"name":"Streams-PMMLScoringSample","asset_type":"notebook","created_at":"2021-01-22T01:06:40Z","description":"","origin_country":"us","owner_id":"1000330999","project_id":"e45415f5-e608-4850-9f43-8a85b3a41505","size":160785,"tags":["notebook"],"usage":{"last_update_time":1611277601007,"last_updated_at":"2021-01-22T01:06:41Z"}},"entity":{"notebook":{"kernel":"","originates_from":{"type":"file"},"runtime":{"environment":"jupconda36-e45415f5-e608-4850-9f43-8a85b3a41505"}}},"attachments":[{"id":"0b971958-10c1-4ae2-a1c4-9056c7818799","version":2,"asset_type":"notebook","name":"attachment for notebook 4e866bbc-cc90-457b-8a7a-a58360cbf1bb","description":"attachment for notebook 4e866bbc-cc90-457b-8a7a-a58360cbf1bb","mime":"application/json","datasource_type":"81bafdbd-b7c6-45c5-a4fd-6ec135f66f4e","object_key":"notebook/Streams-PMMLScoringSample__83eY6XQ4.ipynb","creator_id":"1000330999","create_time":1611277601006,"size":160785,"is_remote":false,"is_managed":false,"is_referenced":true,"is_object_key_read_only":false,"is_user_provided_path_key":true,"transfer_complete":true,"is_partitioned":false,"complete_time_ticks":1611277601006,"user_data":{},"test_doc":0,"handle":{"key":"notebook/Streams-PMMLScoringSample__83eY6XQ4.ipynb","upload_id":"done","max_part_num":1},"usage":{"access_count":0,"last_accessor_id":"1000330999","last_access_time":1611277601006}}]}